"","dim","delta","ir","Comparison","Difference"
"1",10,0,0.1,"P-CCCD",0.50535
"2",10,0,0.25,"P-CCCD",0.504
"3",10,0,0.5,"P-CCCD",0.5024
"4",10,0,0.75,"P-CCCD",0.5
"5",10,0,1,"P-CCCD",0.5
"6",10,0.25,0.1,"P-CCCD",0.779264705882353
"7",10,0.25,0.25,"P-CCCD",0.845278481012658
"8",10,0.25,0.5,"P-CCCD",0.8756875
"9",10,0.25,0.75,"P-CCCD",0.881576923076923
"10",10,0.25,1,"P-CCCD",0.88475
"11",10,0.5,0.1,"P-CCCD",0.989163265306122
"12",10,0.5,0.25,"P-CCCD",0.995
"13",10,0.5,0.5,"P-CCCD",0.9956
"14",10,0.5,0.75,"P-CCCD",0.996
"15",10,0.5,1,"P-CCCD",0.995666666666667
"16",10,0.75,0.1,"P-CCCD",1
"17",10,0.75,0.25,"P-CCCD",1
"18",10,0.75,0.5,"P-CCCD",1
"19",10,0.75,0.75,"P-CCCD",1
"20",10,0.75,1,"P-CCCD",1
"21",10,1,0.1,"P-CCCD",1
"22",10,1,0.25,"P-CCCD",1
"23",10,1,0.5,"P-CCCD",1
"24",10,1,0.75,"P-CCCD",1
"25",10,1,1,"P-CCCD",1
"26",2,0,0.1,"P-CCCD",0.504583333333333
"27",2,0,0.25,"P-CCCD",0.5
"28",2,0,0.5,"P-CCCD",0.5
"29",2,0,0.75,"P-CCCD",0.5
"30",2,0,1,"P-CCCD",0.5
"31",2,0.25,0.1,"P-CCCD",0.698119402985075
"32",2,0.25,0.25,"P-CCCD",0.70316393442623
"33",2,0.25,0.5,"P-CCCD",0.707724137931035
"34",2,0.25,0.75,"P-CCCD",0.714779487179487
"35",2,0.25,1,"P-CCCD",0.714783783783784
"36",2,0.5,0.1,"P-CCCD",0.855716981132076
"37",2,0.5,0.25,"P-CCCD",0.866443396226415
"38",2,0.5,0.5,"P-CCCD",0.87060396039604
"39",2,0.5,0.75,"P-CCCD",0.866466666666667
"40",2,0.5,1,"P-CCCD",0.867571428571429
"41",2,0.75,0.1,"P-CCCD",0.958773333333333
"42",2,0.75,0.25,"P-CCCD",0.962984848484848
"43",2,0.75,0.5,"P-CCCD",0.965078947368421
"44",2,0.75,0.75,"P-CCCD",0.963407407407407
"45",2,0.75,1,"P-CCCD",0.9675
"46",2,1,0.1,"P-CCCD",0.997
"47",2,1,0.25,"P-CCCD",1
"48",2,1,0.5,"P-CCCD",1
"49",2,1,0.75,"P-CCCD",1
"50",2,1,1,"P-CCCD",1
"51",3,0,0.1,"P-CCCD",0.5
"52",3,0,0.25,"P-CCCD",0.5
"53",3,0,0.5,"P-CCCD",0.500227272727273
"54",3,0,0.75,"P-CCCD",0.5
"55",3,0,1,"P-CCCD",0.501428571428571
"56",3,0.25,0.1,"P-CCCD",0.713133333333333
"57",3,0.25,0.25,"P-CCCD",0.752770491803279
"58",3,0.25,0.5,"P-CCCD",0.768472972972973
"59",3,0.25,0.75,"P-CCCD",0.77071568627451
"60",3,0.25,1,"P-CCCD",0.771028571428571
"61",3,0.5,0.1,"P-CCCD",0.910284482758621
"62",3,0.5,0.25,"P-CCCD",0.925806818181818
"63",3,0.5,0.5,"P-CCCD",0.928794871794872
"64",3,0.5,0.75,"P-CCCD",0.929979166666667
"65",3,0.5,1,"P-CCCD",0.928
"66",3,0.75,0.1,"P-CCCD",0.981961538461538
"67",3,0.75,0.25,"P-CCCD",0.982769230769231
"68",3,0.75,0.5,"P-CCCD",0.9898
"69",3,0.75,0.75,"P-CCCD",0.99
"70",3,0.75,1,"P-CCCD",0.9908
"71",3,1,0.1,"P-CCCD",1
"72",3,1,0.25,"P-CCCD",1
"73",3,1,0.5,"P-CCCD",0.999666666666667
"74",3,1,0.75,"P-CCCD",1
"75",3,1,1,"P-CCCD",1
"76",5,0,0.1,"P-CCCD",0.5
"77",5,0,0.25,"P-CCCD",0.5
"78",5,0,0.5,"P-CCCD",0.5
"79",5,0,0.75,"P-CCCD",0.5
"80",5,0,1,"P-CCCD",0.5
"81",5,0.25,0.1,"P-CCCD",0.707068965517241
"82",5,0.25,0.25,"P-CCCD",0.786685714285714
"83",5,0.25,0.5,"P-CCCD",0.820211267605634
"84",5,0.25,0.75,"P-CCCD",0.834972789115646
"85",5,0.25,1,"P-CCCD",0.839321428571429
"86",5,0.5,0.1,"P-CCCD",0.9499375
"87",5,0.5,0.25,"P-CCCD",0.966142857142857
"88",5,0.5,0.5,"P-CCCD",0.9703
"89",5,0.5,0.75,"P-CCCD",0.973703703703704
"90",5,0.5,1,"P-CCCD",0.977375
"91",5,0.75,0.1,"P-CCCD",0.991857142857143
"92",5,0.75,0.25,"P-CCCD",0.997
"93",5,0.75,0.5,"P-CCCD",0.9985
"94",5,0.75,0.75,"P-CCCD",0.998222222222222
"95",5,0.75,1,"P-CCCD",0.99825
"96",5,1,0.1,"P-CCCD",1
"97",5,1,0.25,"P-CCCD",1
"98",5,1,0.5,"P-CCCD",1
"99",5,1,0.75,"P-CCCD",1
"100",5,1,1,"P-CCCD",1
"101",10,0,0.1,"RW-CCCD",0.5
"102",10,0,0.25,"RW-CCCD",0.5
"103",10,0,0.5,"RW-CCCD",0.5
"104",10,0,0.75,"RW-CCCD",0.5
"105",10,0,1,"RW-CCCD",0.500764705882353
"106",10,0.25,0.1,"RW-CCCD",0.812176470588235
"107",10,0.25,0.25,"RW-CCCD",0.838962025316456
"108",10,0.25,0.5,"RW-CCCD",0.885625
"109",10,0.25,0.75,"RW-CCCD",0.895038461538462
"110",10,0.25,1,"RW-CCCD",0.89825
"111",10,0.5,0.1,"RW-CCCD",0.961530612244898
"112",10,0.5,0.25,"RW-CCCD",0.995
"113",10,0.5,0.5,"RW-CCCD",0.9924
"114",10,0.5,0.75,"RW-CCCD",0.995555555555556
"115",10,0.5,1,"RW-CCCD",0.997666666666667
"116",10,0.75,0.1,"RW-CCCD",1
"117",10,0.75,0.25,"RW-CCCD",1
"118",10,0.75,0.5,"RW-CCCD",1
"119",10,0.75,0.75,"RW-CCCD",1
"120",10,0.75,1,"RW-CCCD",1
"121",10,1,0.1,"RW-CCCD",1
"122",10,1,0.25,"RW-CCCD",1
"123",10,1,0.5,"RW-CCCD",1
"124",10,1,0.75,"RW-CCCD",1
"125",10,1,1,"RW-CCCD",1
"126",2,0,0.1,"RW-CCCD",0.5005
"127",2,0,0.25,"RW-CCCD",0.5
"128",2,0,0.5,"RW-CCCD",0.5
"129",2,0,0.75,"RW-CCCD",0.5
"130",2,0,1,"RW-CCCD",0.5013
"131",2,0.25,0.1,"RW-CCCD",0.642925373134328
"132",2,0.25,0.25,"RW-CCCD",0.69516393442623
"133",2,0.25,0.5,"RW-CCCD",0.708689655172414
"134",2,0.25,0.75,"RW-CCCD",0.71814358974359
"135",2,0.25,1,"RW-CCCD",0.718945945945946
"136",2,0.5,0.1,"RW-CCCD",0.836301886792453
"137",2,0.5,0.25,"RW-CCCD",0.862669811320755
"138",2,0.5,0.5,"RW-CCCD",0.872752475247525
"139",2,0.5,0.75,"RW-CCCD",0.871133333333333
"140",2,0.5,1,"RW-CCCD",0.871214285714286
"141",2,0.75,0.1,"RW-CCCD",0.940666666666667
"142",2,0.75,0.25,"RW-CCCD",0.959363636363636
"143",2,0.75,0.5,"RW-CCCD",0.952723684210526
"144",2,0.75,0.75,"RW-CCCD",0.964518518518519
"145",2,0.75,1,"RW-CCCD",0.966833333333333
"146",2,1,0.1,"RW-CCCD",0.994
"147",2,1,0.25,"RW-CCCD",1
"148",2,1,0.5,"RW-CCCD",0.998
"149",2,1,0.75,"RW-CCCD",0.9995
"150",2,1,1,"RW-CCCD",0.999
"151",3,0,0.1,"RW-CCCD",0.5
"152",3,0,0.25,"RW-CCCD",0.5
"153",3,0,0.5,"RW-CCCD",0.5
"154",3,0,0.75,"RW-CCCD",0.500363636363636
"155",3,0,1,"RW-CCCD",0.501809523809524
"156",3,0.25,0.1,"RW-CCCD",0.667166666666667
"157",3,0.25,0.25,"RW-CCCD",0.719262295081967
"158",3,0.25,0.5,"RW-CCCD",0.760324324324324
"159",3,0.25,0.75,"RW-CCCD",0.779019607843137
"160",3,0.25,1,"RW-CCCD",0.776257142857143
"161",3,0.5,0.1,"RW-CCCD",0.883025862068965
"162",3,0.5,0.25,"RW-CCCD",0.921
"163",3,0.5,0.5,"RW-CCCD",0.927179487179487
"164",3,0.5,0.75,"RW-CCCD",0.932208333333333
"165",3,0.5,1,"RW-CCCD",0.931
"166",3,0.75,0.1,"RW-CCCD",0.967942307692308
"167",3,0.75,0.25,"RW-CCCD",0.979615384615385
"168",3,0.75,0.5,"RW-CCCD",0.9882
"169",3,0.75,0.75,"RW-CCCD",0.9908
"170",3,0.75,1,"RW-CCCD",0.9928
"171",3,1,0.1,"RW-CCCD",0.995
"172",3,1,0.25,"RW-CCCD",1
"173",3,1,0.5,"RW-CCCD",0.998
"174",3,1,0.75,"RW-CCCD",0.999333333333333
"175",3,1,1,"RW-CCCD",0.9995
"176",5,0,0.1,"RW-CCCD",0.5
"177",5,0,0.25,"RW-CCCD",0.5
"178",5,0,0.5,"RW-CCCD",0.503380952380952
"179",5,0,0.75,"RW-CCCD",0.5
"180",5,0,1,"RW-CCCD",0.5
"181",5,0.25,0.1,"RW-CCCD",0.721396551724138
"182",5,0.25,0.25,"RW-CCCD",0.7773
"183",5,0.25,0.5,"RW-CCCD",0.818746478873239
"184",5,0.25,0.75,"RW-CCCD",0.83108843537415
"185",5,0.25,1,"RW-CCCD",0.83525
"186",5,0.5,0.1,"RW-CCCD",0.941875
"187",5,0.5,0.25,"RW-CCCD",0.964142857142857
"188",5,0.5,0.5,"RW-CCCD",0.9673
"189",5,0.5,0.75,"RW-CCCD",0.975925925925926
"190",5,0.5,1,"RW-CCCD",0.974625
"191",5,0.75,0.1,"RW-CCCD",0.991214285714286
"192",5,0.75,0.25,"RW-CCCD",0.9965
"193",5,0.75,0.5,"RW-CCCD",0.996166666666667
"194",5,0.75,0.75,"RW-CCCD",0.998555555555556
"195",5,0.75,1,"RW-CCCD",0.998
"196",5,1,0.1,"RW-CCCD",0.99625
"197",5,1,0.25,"RW-CCCD",0.9984
"198",5,1,0.5,"RW-CCCD",0.999
"199",5,1,0.75,"RW-CCCD",1
"200",5,1,1,"RW-CCCD",1
"201",10,0,0.1,"ACDC1",0.50035
"202",10,0,0.25,"ACDC1",0.5
"203",10,0,0.5,"ACDC1",0.501266666666667
"204",10,0,0.75,"ACDC1",0.500862745098039
"205",10,0,1,"ACDC1",0.5
"206",10,0.25,0.1,"ACDC1",0.614147058823529
"207",10,0.25,0.25,"ACDC1",0.730379746835443
"208",10,0.25,0.5,"ACDC1",0.836958333333333
"209",10,0.25,0.75,"ACDC1",0.872141025641026
"210",10,0.25,1,"ACDC1",0.87995
"211",10,0.5,0.1,"ACDC1",0.968265306122449
"212",10,0.5,0.25,"ACDC1",0.997375
"213",10,0.5,0.5,"ACDC1",0.9936
"214",10,0.5,0.75,"ACDC1",0.996888888888889
"215",10,0.5,1,"ACDC1",0.996333333333333
"216",10,0.75,0.1,"ACDC1",1
"217",10,0.75,0.25,"ACDC1",1
"218",10,0.75,0.5,"ACDC1",1
"219",10,0.75,0.75,"ACDC1",1
"220",10,0.75,1,"ACDC1",1
"221",10,1,0.1,"ACDC1",1
"222",10,1,0.25,"ACDC1",1
"223",10,1,0.5,"ACDC1",1
"224",10,1,0.75,"ACDC1",1
"225",10,1,1,"ACDC1",1
"226",2,0,0.1,"ACDC1",0.500916666666667
"227",2,0,0.25,"ACDC1",0.5003125
"228",2,0,0.5,"ACDC1",0.5
"229",2,0,0.75,"ACDC1",0.500766666666667
"230",2,0,1,"ACDC1",0.50335
"231",2,0.25,0.1,"ACDC1",0.500671641791045
"232",2,0.25,0.25,"ACDC1",0.50116393442623
"233",2,0.25,0.5,"ACDC1",0.529103448275862
"234",2,0.25,0.75,"ACDC1",0.621466666666667
"235",2,0.25,1,"ACDC1",0.690648648648649
"236",2,0.5,0.1,"ACDC1",0.507603773584906
"237",2,0.5,0.25,"ACDC1",0.608896226415094
"238",2,0.5,0.5,"ACDC1",0.74849504950495
"239",2,0.5,0.75,"ACDC1",0.861933333333333
"240",2,0.5,1,"ACDC1",0.867357142857143
"241",2,0.75,0.1,"ACDC1",0.733073333333333
"242",2,0.75,0.25,"ACDC1",0.881469696969697
"243",2,0.75,0.5,"ACDC1",0.954302631578947
"244",2,0.75,0.75,"ACDC1",0.964703703703704
"245",2,0.75,1,"ACDC1",0.965
"246",2,1,0.1,"ACDC1",0.997
"247",2,1,0.25,"ACDC1",1
"248",2,1,0.5,"ACDC1",1
"249",2,1,0.75,"ACDC1",1
"250",2,1,1,"ACDC1",1
"251",3,0,0.1,"ACDC1",0.500947368421053
"252",3,0,0.25,"ACDC1",0.500291666666667
"253",3,0,0.5,"ACDC1",0.5
"254",3,0,0.75,"ACDC1",0.5
"255",3,0,1,"ACDC1",0.5
"256",3,0.25,0.1,"ACDC1",0.50415
"257",3,0.25,0.25,"ACDC1",0.509065573770492
"258",3,0.25,0.5,"ACDC1",0.59645945945946
"259",3,0.25,0.75,"ACDC1",0.680156862745098
"260",3,0.25,1,"ACDC1",0.722057142857143
"261",3,0.5,0.1,"ACDC1",0.64423275862069
"262",3,0.5,0.25,"ACDC1",0.795954545454545
"263",3,0.5,0.5,"ACDC1",0.88
"264",3,0.5,0.75,"ACDC1",0.920875
"265",3,0.5,1,"ACDC1",0.9207
"266",3,0.75,0.1,"ACDC1",0.944730769230769
"267",3,0.75,0.25,"ACDC1",0.982153846153846
"268",3,0.75,0.5,"ACDC1",0.99
"269",3,0.75,0.75,"ACDC1",0.987933333333333
"270",3,0.75,1,"ACDC1",0.9928
"271",3,1,0.1,"ACDC1",1
"272",3,1,0.25,"ACDC1",1
"273",3,1,0.5,"ACDC1",1
"274",3,1,0.75,"ACDC1",1
"275",3,1,1,"ACDC1",1
"276",5,0,0.1,"ACDC1",0.5
"277",5,0,0.25,"ACDC1",0.50095
"278",5,0,0.5,"ACDC1",0.5
"279",5,0,0.75,"ACDC1",0.5
"280",5,0,1,"ACDC1",0.501333333333333
"281",5,0.25,0.1,"ACDC1",0.515637931034483
"282",5,0.25,0.25,"ACDC1",0.5728
"283",5,0.25,0.5,"ACDC1",0.706943661971831
"284",5,0.25,0.75,"ACDC1",0.768748299319728
"285",5,0.25,1,"ACDC1",0.800714285714286
"286",5,0.5,0.1,"ACDC1",0.849328125
"287",5,0.5,0.25,"ACDC1",0.926595238095238
"288",5,0.5,0.5,"ACDC1",0.966
"289",5,0.5,0.75,"ACDC1",0.968296296296296
"290",5,0.5,1,"ACDC1",0.97175
"291",5,0.75,0.1,"ACDC1",0.994142857142857
"292",5,0.75,0.25,"ACDC1",0.995666666666667
"293",5,0.75,0.5,"ACDC1",0.997
"294",5,0.75,0.75,"ACDC1",0.998222222222222
"295",5,0.75,1,"ACDC1",0.9975
"296",5,1,0.1,"ACDC1",1
"297",5,1,0.25,"ACDC1",1
"298",5,1,0.5,"ACDC1",1
"299",5,1,0.75,"ACDC1",1
"300",5,1,1,"ACDC1",1
"301",10,0,0.1,"ACDC2",0.5
"302",10,0,0.25,"ACDC2",0.500555555555556
"303",10,0,0.5,"ACDC2",0.503466666666667
"304",10,0,0.75,"ACDC2",0.501509803921569
"305",10,0,1,"ACDC2",0.5
"306",10,0.25,0.1,"ACDC2",0.669470588235294
"307",10,0.25,0.25,"ACDC2",0.78879746835443
"308",10,0.25,0.5,"ACDC2",0.8731875
"309",10,0.25,0.75,"ACDC2",0.886602564102564
"310",10,0.25,1,"ACDC2",0.8903
"311",10,0.5,0.1,"ACDC2",0.978040816326531
"312",10,0.5,0.25,"ACDC2",0.997
"313",10,0.5,0.5,"ACDC2",0.994
"314",10,0.5,0.75,"ACDC2",0.996111111111111
"315",10,0.5,1,"ACDC2",0.996333333333333
"316",10,0.75,0.1,"ACDC2",1
"317",10,0.75,0.25,"ACDC2",1
"318",10,0.75,0.5,"ACDC2",1
"319",10,0.75,0.75,"ACDC2",1
"320",10,0.75,1,"ACDC2",1
"321",10,1,0.1,"ACDC2",1
"322",10,1,0.25,"ACDC2",1
"323",10,1,0.5,"ACDC2",1
"324",10,1,0.75,"ACDC2",1
"325",10,1,1,"ACDC2",1
"326",2,0,0.1,"ACDC2",0.5
"327",2,0,0.25,"ACDC2",0.5
"328",2,0,0.5,"ACDC2",0.5
"329",2,0,0.75,"ACDC2",0.501216666666667
"330",2,0,1,"ACDC2",0.5
"331",2,0.25,0.1,"ACDC2",0.505746268656716
"332",2,0.25,0.25,"ACDC2",0.518639344262295
"333",2,0.25,0.5,"ACDC2",0.586586206896552
"334",2,0.25,0.75,"ACDC2",0.660220512820513
"335",2,0.25,1,"ACDC2",0.700810810810811
"336",2,0.5,0.1,"ACDC2",0.613018867924528
"337",2,0.5,0.25,"ACDC2",0.736481132075472
"338",2,0.5,0.5,"ACDC2",0.846118811881188
"339",2,0.5,0.75,"ACDC2",0.863088888888889
"340",2,0.5,1,"ACDC2",0.873071428571429
"341",2,0.75,0.1,"ACDC2",0.904533333333333
"342",2,0.75,0.25,"ACDC2",0.949939393939394
"343",2,0.75,0.5,"ACDC2",0.962157894736842
"344",2,0.75,0.75,"ACDC2",0.965666666666667
"345",2,0.75,1,"ACDC2",0.965166666666667
"346",2,1,0.1,"ACDC2",0.998
"347",2,1,0.25,"ACDC2",1
"348",2,1,0.5,"ACDC2",1
"349",2,1,0.75,"ACDC2",1
"350",2,1,1,"ACDC2",1
"351",3,0,0.1,"ACDC2",0.5
"352",3,0,0.25,"ACDC2",0.5
"353",3,0,0.5,"ACDC2",0.5
"354",3,0,0.75,"ACDC2",0.500590909090909
"355",3,0,1,"ACDC2",0.500666666666667
"356",3,0.25,0.1,"ACDC2",0.513216666666667
"357",3,0.25,0.25,"ACDC2",0.574901639344262
"358",3,0.25,0.5,"ACDC2",0.675662162162162
"359",3,0.25,0.75,"ACDC2",0.734622549019608
"360",3,0.25,1,"ACDC2",0.7446
"361",3,0.5,0.1,"ACDC2",0.800637931034483
"362",3,0.5,0.25,"ACDC2",0.881784090909091
"363",3,0.5,0.5,"ACDC2",0.917487179487179
"364",3,0.5,0.75,"ACDC2",0.928875
"365",3,0.5,1,"ACDC2",0.9298
"366",3,0.75,0.1,"ACDC2",0.974615384615385
"367",3,0.75,0.25,"ACDC2",0.982923076923077
"368",3,0.75,0.5,"ACDC2",0.9892
"369",3,0.75,0.75,"ACDC2",0.989266666666667
"370",3,0.75,1,"ACDC2",0.9918
"371",3,1,0.1,"ACDC2",1
"372",3,1,0.25,"ACDC2",1
"373",3,1,0.5,"ACDC2",1
"374",3,1,0.75,"ACDC2",1
"375",3,1,1,"ACDC2",1
"376",5,0,0.1,"ACDC2",0.5
"377",5,0,0.25,"ACDC2",0.5001
"378",5,0,0.5,"ACDC2",0.5
"379",5,0,0.75,"ACDC2",0.501156862745098
"380",5,0,1,"ACDC2",0.506166666666667
"381",5,0.25,0.1,"ACDC2",0.561724137931034
"382",5,0.25,0.25,"ACDC2",0.672085714285714
"383",5,0.25,0.5,"ACDC2",0.763098591549296
"384",5,0.25,0.75,"ACDC2",0.803972789115646
"385",5,0.25,1,"ACDC2",0.815
"386",5,0.5,0.1,"ACDC2",0.914453125
"387",5,0.5,0.25,"ACDC2",0.956357142857143
"388",5,0.5,0.5,"ACDC2",0.9669
"389",5,0.5,0.75,"ACDC2",0.97262962962963
"390",5,0.5,1,"ACDC2",0.971375
"391",5,0.75,0.1,"ACDC2",0.992785714285714
"392",5,0.75,0.25,"ACDC2",0.996333333333333
"393",5,0.75,0.5,"ACDC2",0.999333333333333
"394",5,0.75,0.75,"ACDC2",0.997888888888889
"395",5,0.75,1,"ACDC2",0.99825
"396",5,1,0.1,"ACDC2",1
"397",5,1,0.25,"ACDC2",1
"398",5,1,0.5,"ACDC2",1
"399",5,1,0.75,"ACDC2",1
"400",5,1,1,"ACDC2",1
"401",10,0,0.1,"ACDC3",0.5
"402",10,0,0.25,"ACDC3",0.5
"403",10,0,0.5,"ACDC3",0.501733333333333
"404",10,0,0.75,"ACDC3",0.505058823529412
"405",10,0,1,"ACDC3",0.501294117647059
"406",10,0.25,0.1,"ACDC3",0.684676470588235
"407",10,0.25,0.25,"ACDC3",0.809784810126582
"408",10,0.25,0.5,"ACDC3",0.876166666666667
"409",10,0.25,0.75,"ACDC3",0.89325641025641
"410",10,0.25,1,"ACDC3",0.89285
"411",10,0.5,0.1,"ACDC3",0.98284693877551
"412",10,0.5,0.25,"ACDC3",0.996875
"413",10,0.5,0.5,"ACDC3",0.9968
"414",10,0.5,0.75,"ACDC3",0.996222222222222
"415",10,0.5,1,"ACDC3",0.996
"416",10,0.75,0.1,"ACDC3",1
"417",10,0.75,0.25,"ACDC3",1
"418",10,0.75,0.5,"ACDC3",1
"419",10,0.75,0.75,"ACDC3",1
"420",10,0.75,1,"ACDC3",1
"421",10,1,0.1,"ACDC3",1
"422",10,1,0.25,"ACDC3",1
"423",10,1,0.5,"ACDC3",1
"424",10,1,0.75,"ACDC3",1
"425",10,1,1,"ACDC3",1
"426",2,0,0.1,"ACDC3",0.500166666666667
"427",2,0,0.25,"ACDC3",0.5010625
"428",2,0,0.5,"ACDC3",0.502529411764706
"429",2,0,0.75,"ACDC3",0.5
"430",2,0,1,"ACDC3",0.50325
"431",2,0.25,0.1,"ACDC3",0.531014925373134
"432",2,0.25,0.25,"ACDC3",0.561377049180328
"433",2,0.25,0.5,"ACDC3",0.6245
"434",2,0.25,0.75,"ACDC3",0.693025641025641
"435",2,0.25,1,"ACDC3",0.709216216216216
"436",2,0.5,0.1,"ACDC3",0.734188679245283
"437",2,0.5,0.25,"ACDC3",0.816349056603774
"438",2,0.5,0.5,"ACDC3",0.863594059405941
"439",2,0.5,0.75,"ACDC3",0.869244444444444
"440",2,0.5,1,"ACDC3",0.872071428571428
"441",2,0.75,0.1,"ACDC3",0.942693333333333
"442",2,0.75,0.25,"ACDC3",0.955257575757576
"443",2,0.75,0.5,"ACDC3",0.965486842105263
"444",2,0.75,0.75,"ACDC3",0.964962962962963
"445",2,0.75,1,"ACDC3",0.9645
"446",2,1,0.1,"ACDC3",0.998
"447",2,1,0.25,"ACDC3",1
"448",2,1,0.5,"ACDC3",1
"449",2,1,0.75,"ACDC3",1
"450",2,1,1,"ACDC3",1
"451",3,0,0.1,"ACDC3",0.5
"452",3,0,0.25,"ACDC3",0.500041666666667
"453",3,0,0.5,"ACDC3",0.500818181818182
"454",3,0,0.75,"ACDC3",0.5
"455",3,0,1,"ACDC3",0.500047619047619
"456",3,0.25,0.1,"ACDC3",0.527216666666667
"457",3,0.25,0.25,"ACDC3",0.630590163934426
"458",3,0.25,0.5,"ACDC3",0.716986486486486
"459",3,0.25,0.75,"ACDC3",0.745073529411765
"460",3,0.25,1,"ACDC3",0.7556
"461",3,0.5,0.1,"ACDC3",0.848077586206897
"462",3,0.5,0.25,"ACDC3",0.904636363636364
"463",3,0.5,0.5,"ACDC3",0.922589743589744
"464",3,0.5,0.75,"ACDC3",0.931833333333333
"465",3,0.5,1,"ACDC3",0.9297
"466",3,0.75,0.1,"ACDC3",0.978923076923077
"467",3,0.75,0.25,"ACDC3",0.985
"468",3,0.75,0.5,"ACDC3",0.9904
"469",3,0.75,0.75,"ACDC3",0.990733333333333
"470",3,0.75,1,"ACDC3",0.9922
"471",3,1,0.1,"ACDC3",1
"472",3,1,0.25,"ACDC3",1
"473",3,1,0.5,"ACDC3",1
"474",3,1,0.75,"ACDC3",1
"475",3,1,1,"ACDC3",1
"476",5,0,0.1,"ACDC3",0.5
"477",5,0,0.25,"ACDC3",0.5
"478",5,0,0.5,"ACDC3",0.501619047619048
"479",5,0,0.75,"ACDC3",0.503470588235294
"480",5,0,1,"ACDC3",0.501222222222222
"481",5,0.25,0.1,"ACDC3",0.585327586206897
"482",5,0.25,0.25,"ACDC3",0.710142857142857
"483",5,0.25,0.5,"ACDC3",0.787070422535211
"484",5,0.25,0.75,"ACDC3",0.812176870748299
"485",5,0.25,1,"ACDC3",0.815392857142857
"486",5,0.5,0.1,"ACDC3",0.92246875
"487",5,0.5,0.25,"ACDC3",0.958047619047619
"488",5,0.5,0.5,"ACDC3",0.9685
"489",5,0.5,0.75,"ACDC3",0.97437037037037
"490",5,0.5,1,"ACDC3",0.975875
"491",5,0.75,0.1,"ACDC3",0.992714285714286
"492",5,0.75,0.25,"ACDC3",0.997666666666667
"493",5,0.75,0.5,"ACDC3",0.998666666666667
"494",5,0.75,0.75,"ACDC3",0.997444444444444
"495",5,0.75,1,"ACDC3",0.99825
"496",5,1,0.1,"ACDC3",1
"497",5,1,0.25,"ACDC3",1
"498",5,1,0.5,"ACDC3",1
"499",5,1,0.75,"ACDC3",1
"500",5,1,1,"ACDC3",1
"501",10,0,0.1,"ACDC4",0.50085
"502",10,0,0.25,"ACDC4",0.5
"503",10,0,0.5,"ACDC4",0.501933333333333
"504",10,0,0.75,"ACDC4",0.501745098039216
"505",10,0,1,"ACDC4",0.503647058823529
"506",10,0.25,0.1,"ACDC4",0.700661764705882
"507",10,0.25,0.25,"ACDC4",0.814848101265823
"508",10,0.25,0.5,"ACDC4",0.877041666666667
"509",10,0.25,0.75,"ACDC4",0.893294871794872
"510",10,0.25,1,"ACDC4",0.89625
"511",10,0.5,0.1,"ACDC4",0.986183673469388
"512",10,0.5,0.25,"ACDC4",0.996875
"513",10,0.5,0.5,"ACDC4",0.9956
"514",10,0.5,0.75,"ACDC4",0.997444444444444
"515",10,0.5,1,"ACDC4",0.997666666666667
"516",10,0.75,0.1,"ACDC4",1
"517",10,0.75,0.25,"ACDC4",1
"518",10,0.75,0.5,"ACDC4",1
"519",10,0.75,0.75,"ACDC4",1
"520",10,0.75,1,"ACDC4",1
"521",10,1,0.1,"ACDC4",1
"522",10,1,0.25,"ACDC4",1
"523",10,1,0.5,"ACDC4",1
"524",10,1,0.75,"ACDC4",1
"525",10,1,1,"ACDC4",1
"526",2,0,0.1,"ACDC4",0.5
"527",2,0,0.25,"ACDC4",0.500125
"528",2,0,0.5,"ACDC4",0.5
"529",2,0,0.75,"ACDC4",0.502233333333333
"530",2,0,1,"ACDC4",0.5
"531",2,0.25,0.1,"ACDC4",0.552432835820896
"532",2,0.25,0.25,"ACDC4",0.598524590163934
"533",2,0.25,0.5,"ACDC4",0.668568965517241
"534",2,0.25,0.75,"ACDC4",0.704753846153846
"535",2,0.25,1,"ACDC4",0.711567567567568
"536",2,0.5,0.1,"ACDC4",0.795537735849057
"537",2,0.5,0.25,"ACDC4",0.843830188679245
"538",2,0.5,0.5,"ACDC4",0.868237623762376
"539",2,0.5,0.75,"ACDC4",0.872044444444444
"540",2,0.5,1,"ACDC4",0.872857142857143
"541",2,0.75,0.1,"ACDC4",0.951313333333333
"542",2,0.75,0.25,"ACDC4",0.961287878787879
"543",2,0.75,0.5,"ACDC4",0.964842105263158
"544",2,0.75,0.75,"ACDC4",0.964444444444444
"545",2,0.75,1,"ACDC4",0.967
"546",2,1,0.1,"ACDC4",0.998
"547",2,1,0.25,"ACDC4",1
"548",2,1,0.5,"ACDC4",1
"549",2,1,0.75,"ACDC4",1
"550",2,1,1,"ACDC4",1
"551",3,0,0.1,"ACDC4",0.5
"552",3,0,0.25,"ACDC4",0.5
"553",3,0,0.5,"ACDC4",0.502181818181818
"554",3,0,0.75,"ACDC4",0.501484848484849
"555",3,0,1,"ACDC4",0.505952380952381
"556",3,0.25,0.1,"ACDC4",0.573183333333333
"557",3,0.25,0.25,"ACDC4",0.657016393442623
"558",3,0.25,0.5,"ACDC4",0.740256756756757
"559",3,0.25,0.75,"ACDC4",0.762882352941176
"560",3,0.25,1,"ACDC4",0.760428571428571
"561",3,0.5,0.1,"ACDC4",0.87148275862069
"562",3,0.5,0.25,"ACDC4",0.916204545454545
"563",3,0.5,0.5,"ACDC4",0.925871794871795
"564",3,0.5,0.75,"ACDC4",0.931104166666667
"565",3,0.5,1,"ACDC4",0.933
"566",3,0.75,0.1,"ACDC4",0.981596153846154
"567",3,0.75,0.25,"ACDC4",0.985461538461538
"568",3,0.75,0.5,"ACDC4",0.9906
"569",3,0.75,0.75,"ACDC4",0.991133333333333
"570",3,0.75,1,"ACDC4",0.9906
"571",3,1,0.1,"ACDC4",1
"572",3,1,0.25,"ACDC4",1
"573",3,1,0.5,"ACDC4",1
"574",3,1,0.75,"ACDC4",1
"575",3,1,1,"ACDC4",1
"576",5,0,0.1,"ACDC4",0.500470588235294
"577",5,0,0.25,"ACDC4",0.5
"578",5,0,0.5,"ACDC4",0.501428571428571
"579",5,0,0.75,"ACDC4",0.5
"580",5,0,1,"ACDC4",0.504833333333333
"581",5,0.25,0.1,"ACDC4",0.597862068965517
"582",5,0.25,0.25,"ACDC4",0.731057142857143
"583",5,0.25,0.5,"ACDC4",0.797591549295775
"584",5,0.25,0.75,"ACDC4",0.817761904761905
"585",5,0.25,1,"ACDC4",0.823285714285714
"586",5,0.5,0.1,"ACDC4",0.93790625
"587",5,0.5,0.25,"ACDC4",0.96397619047619
"588",5,0.5,0.5,"ACDC4",0.9704
"589",5,0.5,0.75,"ACDC4",0.974703703703704
"590",5,0.5,1,"ACDC4",0.97525
"591",5,0.75,0.1,"ACDC4",0.993357142857143
"592",5,0.75,0.25,"ACDC4",0.998333333333333
"593",5,0.75,0.5,"ACDC4",0.998666666666667
"594",5,0.75,0.75,"ACDC4",0.997777777777778
"595",5,0.75,1,"ACDC4",0.998
"596",5,1,0.1,"ACDC4",1
"597",5,1,0.25,"ACDC4",1
"598",5,1,0.5,"ACDC4",1
"599",5,1,0.75,"ACDC4",1
"600",5,1,1,"ACDC4",1
"601",10,0,0.1,"ACDC5",0.5
"602",10,0,0.25,"ACDC5",0.501055555555556
"603",10,0,0.5,"ACDC5",0.5
"604",10,0,0.75,"ACDC5",0.5
"605",10,0,1,"ACDC5",0.5
"606",10,0.25,0.1,"ACDC5",0.711602941176471
"607",10,0.25,0.25,"ACDC5",0.819759493670886
"608",10,0.25,0.5,"ACDC5",0.879958333333333
"609",10,0.25,0.75,"ACDC5",0.898269230769231
"610",10,0.25,1,"ACDC5",0.89845
"611",10,0.5,0.1,"ACDC5",0.984122448979592
"612",10,0.5,0.25,"ACDC5",0.99575
"613",10,0.5,0.5,"ACDC5",0.9954
"614",10,0.5,0.75,"ACDC5",0.996222222222222
"615",10,0.5,1,"ACDC5",0.996333333333333
"616",10,0.75,0.1,"ACDC5",1
"617",10,0.75,0.25,"ACDC5",1
"618",10,0.75,0.5,"ACDC5",1
"619",10,0.75,0.75,"ACDC5",1
"620",10,0.75,1,"ACDC5",1
"621",10,1,0.1,"ACDC5",1
"622",10,1,0.25,"ACDC5",1
"623",10,1,0.5,"ACDC5",1
"624",10,1,0.75,"ACDC5",1
"625",10,1,1,"ACDC5",1
"626",2,0,0.1,"ACDC5",0.500208333333333
"627",2,0,0.25,"ACDC5",0.5
"628",2,0,0.5,"ACDC5",0.5
"629",2,0,0.75,"ACDC5",0.5
"630",2,0,1,"ACDC5",0.50305
"631",2,0.25,0.1,"ACDC5",0.574940298507463
"632",2,0.25,0.25,"ACDC5",0.622950819672131
"633",2,0.25,0.5,"ACDC5",0.682603448275862
"634",2,0.25,0.75,"ACDC5",0.709497435897436
"635",2,0.25,1,"ACDC5",0.717378378378378
"636",2,0.5,0.1,"ACDC5",0.816471698113208
"637",2,0.5,0.25,"ACDC5",0.857669811320755
"638",2,0.5,0.5,"ACDC5",0.873168316831683
"639",2,0.5,0.75,"ACDC5",0.871733333333333
"640",2,0.5,1,"ACDC5",0.872714285714286
"641",2,0.75,0.1,"ACDC5",0.956313333333333
"642",2,0.75,0.25,"ACDC5",0.96310606060606
"643",2,0.75,0.5,"ACDC5",0.965828947368421
"644",2,0.75,0.75,"ACDC5",0.963703703703704
"645",2,0.75,1,"ACDC5",0.967333333333333
"646",2,1,0.1,"ACDC5",0.997
"647",2,1,0.25,"ACDC5",1
"648",2,1,0.5,"ACDC5",1
"649",2,1,0.75,"ACDC5",1
"650",2,1,1,"ACDC5",1
"651",3,0,0.1,"ACDC5",0.5
"652",3,0,0.25,"ACDC5",0.500541666666667
"653",3,0,0.5,"ACDC5",0.500454545454545
"654",3,0,0.75,"ACDC5",0.502242424242424
"655",3,0,1,"ACDC5",0.505047619047619
"656",3,0.25,0.1,"ACDC5",0.5746
"657",3,0.25,0.25,"ACDC5",0.689639344262295
"658",3,0.25,0.5,"ACDC5",0.744594594594595
"659",3,0.25,0.75,"ACDC5",0.762480392156863
"660",3,0.25,1,"ACDC5",0.757485714285714
"661",3,0.5,0.1,"ACDC5",0.889844827586207
"662",3,0.5,0.25,"ACDC5",0.919125
"663",3,0.5,0.5,"ACDC5",0.927564102564102
"664",3,0.5,0.75,"ACDC5",0.932020833333333
"665",3,0.5,1,"ACDC5",0.9292
"666",3,0.75,0.1,"ACDC5",0.983788461538462
"667",3,0.75,0.25,"ACDC5",0.986846153846154
"668",3,0.75,0.5,"ACDC5",0.9902
"669",3,0.75,0.75,"ACDC5",0.9898
"670",3,0.75,1,"ACDC5",0.9912
"671",3,1,0.1,"ACDC5",1
"672",3,1,0.25,"ACDC5",1
"673",3,1,0.5,"ACDC5",1
"674",3,1,0.75,"ACDC5",1
"675",3,1,1,"ACDC5",1
"676",5,0,0.1,"ACDC5",0.5
"677",5,0,0.25,"ACDC5",0.5
"678",5,0,0.5,"ACDC5",0.5
"679",5,0,0.75,"ACDC5",0.503647058823529
"680",5,0,1,"ACDC5",0.501555555555556
"681",5,0.25,0.1,"ACDC5",0.618172413793103
"682",5,0.25,0.25,"ACDC5",0.733642857142857
"683",5,0.25,0.5,"ACDC5",0.803323943661972
"684",5,0.25,0.75,"ACDC5",0.81965306122449
"685",5,0.25,1,"ACDC5",0.828178571428571
"686",5,0.5,0.1,"ACDC5",0.941484375
"687",5,0.5,0.25,"ACDC5",0.965428571428571
"688",5,0.5,0.5,"ACDC5",0.9701
"689",5,0.5,0.75,"ACDC5",0.975333333333333
"690",5,0.5,1,"ACDC5",0.975375
"691",5,0.75,0.1,"ACDC5",0.994071428571429
"692",5,0.75,0.25,"ACDC5",0.998333333333333
"693",5,0.75,0.5,"ACDC5",0.999166666666667
"694",5,0.75,0.75,"ACDC5",0.997888888888889
"695",5,0.75,1,"ACDC5",0.999
"696",5,1,0.1,"ACDC5",1
"697",5,1,0.25,"ACDC5",1
"698",5,1,0.5,"ACDC5",1
"699",5,1,0.75,"ACDC5",1
"700",5,1,1,"ACDC5",1
"701",10,0,0.1,"P-CCCD_minus_ACDC1",0.005
"702",10,0,0.25,"P-CCCD_minus_ACDC1",0.004
"703",10,0,0.5,"P-CCCD_minus_ACDC1",0.00113333333333299
"704",10,0,0.75,"P-CCCD_minus_ACDC1",-0.000862745098038964
"705",10,0,1,"P-CCCD_minus_ACDC1",0
"706",10,0.25,0.1,"P-CCCD_minus_ACDC1",0.165117647058824
"707",10,0.25,0.25,"P-CCCD_minus_ACDC1",0.114898734177215
"708",10,0.25,0.5,"P-CCCD_minus_ACDC1",0.0387291666666669
"709",10,0.25,0.75,"P-CCCD_minus_ACDC1",0.00943589743589701
"710",10,0.25,1,"P-CCCD_minus_ACDC1",0.00480000000000003
"711",10,0.5,0.1,"P-CCCD_minus_ACDC1",0.020897959183673
"712",10,0.5,0.25,"P-CCCD_minus_ACDC1",-0.00237500000000002
"713",10,0.5,0.5,"P-CCCD_minus_ACDC1",0.002
"714",10,0.5,0.75,"P-CCCD_minus_ACDC1",-0.00088888888888905
"715",10,0.5,1,"P-CCCD_minus_ACDC1",-0.000666666666665927
"716",10,0.75,0.1,"P-CCCD_minus_ACDC1",0
"717",10,0.75,0.25,"P-CCCD_minus_ACDC1",0
"718",10,0.75,0.5,"P-CCCD_minus_ACDC1",0
"719",10,0.75,0.75,"P-CCCD_minus_ACDC1",0
"720",10,0.75,1,"P-CCCD_minus_ACDC1",0
"721",10,1,0.1,"P-CCCD_minus_ACDC1",0
"722",10,1,0.25,"P-CCCD_minus_ACDC1",0
"723",10,1,0.5,"P-CCCD_minus_ACDC1",0
"724",10,1,0.75,"P-CCCD_minus_ACDC1",0
"725",10,1,1,"P-CCCD_minus_ACDC1",0
"726",2,0,0.1,"P-CCCD_minus_ACDC1",0.00366666666666604
"727",2,0,0.25,"P-CCCD_minus_ACDC1",-0.000312500000000049
"728",2,0,0.5,"P-CCCD_minus_ACDC1",0
"729",2,0,0.75,"P-CCCD_minus_ACDC1",-0.000766666666667026
"730",2,0,1,"P-CCCD_minus_ACDC1",-0.00334999999999996
"731",2,0.25,0.1,"P-CCCD_minus_ACDC1",0.19744776119403
"732",2,0.25,0.25,"P-CCCD_minus_ACDC1",0.202
"733",2,0.25,0.5,"P-CCCD_minus_ACDC1",0.178620689655173
"734",2,0.25,0.75,"P-CCCD_minus_ACDC1",0.0933128205128201
"735",2,0.25,1,"P-CCCD_minus_ACDC1",0.024135135135135
"736",2,0.5,0.1,"P-CCCD_minus_ACDC1",0.34811320754717
"737",2,0.5,0.25,"P-CCCD_minus_ACDC1",0.257547169811321
"738",2,0.5,0.5,"P-CCCD_minus_ACDC1",0.12210891089109
"739",2,0.5,0.75,"P-CCCD_minus_ACDC1",0.00453333333333406
"740",2,0.5,1,"P-CCCD_minus_ACDC1",0.000214285714285944
"741",2,0.75,0.1,"P-CCCD_minus_ACDC1",0.2257
"742",2,0.75,0.25,"P-CCCD_minus_ACDC1",0.081515151515151
"743",2,0.75,0.5,"P-CCCD_minus_ACDC1",0.010776315789474
"744",2,0.75,0.75,"P-CCCD_minus_ACDC1",-0.00129629629629691
"745",2,0.75,1,"P-CCCD_minus_ACDC1",0.00250000000000006
"746",2,1,0.1,"P-CCCD_minus_ACDC1",0
"747",2,1,0.25,"P-CCCD_minus_ACDC1",0
"748",2,1,0.5,"P-CCCD_minus_ACDC1",0
"749",2,1,0.75,"P-CCCD_minus_ACDC1",0
"750",2,1,1,"P-CCCD_minus_ACDC1",0
"751",3,0,0.1,"P-CCCD_minus_ACDC1",-0.00094736842105303
"752",3,0,0.25,"P-CCCD_minus_ACDC1",-0.000291666666667023
"753",3,0,0.5,"P-CCCD_minus_ACDC1",0.000227272727272965
"754",3,0,0.75,"P-CCCD_minus_ACDC1",0
"755",3,0,1,"P-CCCD_minus_ACDC1",0.001428571428571
"756",3,0.25,0.1,"P-CCCD_minus_ACDC1",0.208983333333333
"757",3,0.25,0.25,"P-CCCD_minus_ACDC1",0.243704918032787
"758",3,0.25,0.5,"P-CCCD_minus_ACDC1",0.172013513513513
"759",3,0.25,0.75,"P-CCCD_minus_ACDC1",0.090558823529412
"760",3,0.25,1,"P-CCCD_minus_ACDC1",0.048971428571428
"761",3,0.5,0.1,"P-CCCD_minus_ACDC1",0.266051724137931
"762",3,0.5,0.25,"P-CCCD_minus_ACDC1",0.129852272727273
"763",3,0.5,0.5,"P-CCCD_minus_ACDC1",0.048794871794872
"764",3,0.5,0.75,"P-CCCD_minus_ACDC1",0.00910416666666702
"765",3,0.5,1,"P-CCCD_minus_ACDC1",0.00730000000000008
"766",3,0.75,0.1,"P-CCCD_minus_ACDC1",0.037230769230769
"767",3,0.75,0.25,"P-CCCD_minus_ACDC1",0.000615384615384906
"768",3,0.75,0.5,"P-CCCD_minus_ACDC1",-0.000199999999999978
"769",3,0.75,0.75,"P-CCCD_minus_ACDC1",0.00206666666666699
"770",3,0.75,1,"P-CCCD_minus_ACDC1",-0.002
"771",3,1,0.1,"P-CCCD_minus_ACDC1",0
"772",3,1,0.25,"P-CCCD_minus_ACDC1",0
"773",3,1,0.5,"P-CCCD_minus_ACDC1",-0.000333333333332964
"774",3,1,0.75,"P-CCCD_minus_ACDC1",0
"775",3,1,1,"P-CCCD_minus_ACDC1",0
"776",5,0,0.1,"P-CCCD_minus_ACDC1",0
"777",5,0,0.25,"P-CCCD_minus_ACDC1",-0.000950000000000006
"778",5,0,0.5,"P-CCCD_minus_ACDC1",0
"779",5,0,0.75,"P-CCCD_minus_ACDC1",0
"780",5,0,1,"P-CCCD_minus_ACDC1",-0.00133333333333296
"781",5,0.25,0.1,"P-CCCD_minus_ACDC1",0.191431034482758
"782",5,0.25,0.25,"P-CCCD_minus_ACDC1",0.213885714285714
"783",5,0.25,0.5,"P-CCCD_minus_ACDC1",0.113267605633803
"784",5,0.25,0.75,"P-CCCD_minus_ACDC1",0.066224489795918
"785",5,0.25,1,"P-CCCD_minus_ACDC1",0.038607142857143
"786",5,0.5,0.1,"P-CCCD_minus_ACDC1",0.100609375
"787",5,0.5,0.25,"P-CCCD_minus_ACDC1",0.0395476190476189
"788",5,0.5,0.5,"P-CCCD_minus_ACDC1",0.00430000000000008
"789",5,0.5,0.75,"P-CCCD_minus_ACDC1",0.00540740740740797
"790",5,0.5,1,"P-CCCD_minus_ACDC1",0.00562499999999999
"791",5,0.75,0.1,"P-CCCD_minus_ACDC1",-0.002285714285714
"792",5,0.75,0.25,"P-CCCD_minus_ACDC1",0.00133333333333296
"793",5,0.75,0.5,"P-CCCD_minus_ACDC1",0.00150000000000006
"794",5,0.75,0.75,"P-CCCD_minus_ACDC1",0
"795",5,0.75,1,"P-CCCD_minus_ACDC1",0.000749999999999917
"796",5,1,0.1,"P-CCCD_minus_ACDC1",0
"797",5,1,0.25,"P-CCCD_minus_ACDC1",0
"798",5,1,0.5,"P-CCCD_minus_ACDC1",0
"799",5,1,0.75,"P-CCCD_minus_ACDC1",0
"800",5,1,1,"P-CCCD_minus_ACDC1",0
"801",10,0,0.1,"P-CCCD_minus_ACDC2",0.00534999999999997
"802",10,0,0.25,"P-CCCD_minus_ACDC2",0.00344444444444403
"803",10,0,0.5,"P-CCCD_minus_ACDC2",-0.00106666666666699
"804",10,0,0.75,"P-CCCD_minus_ACDC2",-0.00150980392156896
"805",10,0,1,"P-CCCD_minus_ACDC2",0
"806",10,0.25,0.1,"P-CCCD_minus_ACDC2",0.109794117647059
"807",10,0.25,0.25,"P-CCCD_minus_ACDC2",0.056481012658228
"808",10,0.25,0.5,"P-CCCD_minus_ACDC2",0.00249999999999995
"809",10,0.25,0.75,"P-CCCD_minus_ACDC2",-0.00502564102564096
"810",10,0.25,1,"P-CCCD_minus_ACDC2",-0.00554999999999994
"811",10,0.5,0.1,"P-CCCD_minus_ACDC2",0.011122448979591
"812",10,0.5,0.25,"P-CCCD_minus_ACDC2",-0.002
"813",10,0.5,0.5,"P-CCCD_minus_ACDC2",0.00160000000000005
"814",10,0.5,0.75,"P-CCCD_minus_ACDC2",-0.000111111111110951
"815",10,0.5,1,"P-CCCD_minus_ACDC2",-0.000666666666665927
"816",10,0.75,0.1,"P-CCCD_minus_ACDC2",0
"817",10,0.75,0.25,"P-CCCD_minus_ACDC2",0
"818",10,0.75,0.5,"P-CCCD_minus_ACDC2",0
"819",10,0.75,0.75,"P-CCCD_minus_ACDC2",0
"820",10,0.75,1,"P-CCCD_minus_ACDC2",0
"821",10,1,0.1,"P-CCCD_minus_ACDC2",0
"822",10,1,0.25,"P-CCCD_minus_ACDC2",0
"823",10,1,0.5,"P-CCCD_minus_ACDC2",0
"824",10,1,0.75,"P-CCCD_minus_ACDC2",0
"825",10,1,1,"P-CCCD_minus_ACDC2",0
"826",2,0,0.1,"P-CCCD_minus_ACDC2",0.00458333333333305
"827",2,0,0.25,"P-CCCD_minus_ACDC2",0
"828",2,0,0.5,"P-CCCD_minus_ACDC2",0
"829",2,0,0.75,"P-CCCD_minus_ACDC2",-0.00121666666666698
"830",2,0,1,"P-CCCD_minus_ACDC2",0
"831",2,0.25,0.1,"P-CCCD_minus_ACDC2",0.192373134328359
"832",2,0.25,0.25,"P-CCCD_minus_ACDC2",0.184524590163935
"833",2,0.25,0.5,"P-CCCD_minus_ACDC2",0.121137931034483
"834",2,0.25,0.75,"P-CCCD_minus_ACDC2",0.0545589743589741
"835",2,0.25,1,"P-CCCD_minus_ACDC2",0.0139729729729731
"836",2,0.5,0.1,"P-CCCD_minus_ACDC2",0.242698113207548
"837",2,0.5,0.25,"P-CCCD_minus_ACDC2",0.129962264150943
"838",2,0.5,0.5,"P-CCCD_minus_ACDC2",0.0244851485148521
"839",2,0.5,0.75,"P-CCCD_minus_ACDC2",0.00337777777777803
"840",2,0.5,1,"P-CCCD_minus_ACDC2",-0.00550000000000006
"841",2,0.75,0.1,"P-CCCD_minus_ACDC2",0.0542400000000001
"842",2,0.75,0.25,"P-CCCD_minus_ACDC2",0.013045454545454
"843",2,0.75,0.5,"P-CCCD_minus_ACDC2",0.00292105263157905
"844",2,0.75,0.75,"P-CCCD_minus_ACDC2",-0.00225925925925996
"845",2,0.75,1,"P-CCCD_minus_ACDC2",0.00233333333333308
"846",2,1,0.1,"P-CCCD_minus_ACDC2",-0.001
"847",2,1,0.25,"P-CCCD_minus_ACDC2",0
"848",2,1,0.5,"P-CCCD_minus_ACDC2",0
"849",2,1,0.75,"P-CCCD_minus_ACDC2",0
"850",2,1,1,"P-CCCD_minus_ACDC2",0
"851",3,0,0.1,"P-CCCD_minus_ACDC2",0
"852",3,0,0.25,"P-CCCD_minus_ACDC2",0
"853",3,0,0.5,"P-CCCD_minus_ACDC2",0.000227272727272965
"854",3,0,0.75,"P-CCCD_minus_ACDC2",-0.000590909090908975
"855",3,0,1,"P-CCCD_minus_ACDC2",0.000761904761903964
"856",3,0.25,0.1,"P-CCCD_minus_ACDC2",0.199916666666666
"857",3,0.25,0.25,"P-CCCD_minus_ACDC2",0.177868852459017
"858",3,0.25,0.5,"P-CCCD_minus_ACDC2",0.092810810810811
"859",3,0.25,0.75,"P-CCCD_minus_ACDC2",0.036093137254902
"860",3,0.25,1,"P-CCCD_minus_ACDC2",0.0264285714285709
"861",3,0.5,0.1,"P-CCCD_minus_ACDC2",0.109646551724138
"862",3,0.5,0.25,"P-CCCD_minus_ACDC2",0.0440227272727269
"863",3,0.5,0.5,"P-CCCD_minus_ACDC2",0.011307692307693
"864",3,0.5,0.75,"P-CCCD_minus_ACDC2",0.00110416666666702
"865",3,0.5,1,"P-CCCD_minus_ACDC2",-0.00179999999999991
"866",3,0.75,0.1,"P-CCCD_minus_ACDC2",0.007346153846153
"867",3,0.75,0.25,"P-CCCD_minus_ACDC2",-0.00015384615384606
"868",3,0.75,0.5,"P-CCCD_minus_ACDC2",0.000600000000000045
"869",3,0.75,0.75,"P-CCCD_minus_ACDC2",0.00073333333333303
"870",3,0.75,1,"P-CCCD_minus_ACDC2",-0.001
"871",3,1,0.1,"P-CCCD_minus_ACDC2",0
"872",3,1,0.25,"P-CCCD_minus_ACDC2",0
"873",3,1,0.5,"P-CCCD_minus_ACDC2",-0.000333333333332964
"874",3,1,0.75,"P-CCCD_minus_ACDC2",0
"875",3,1,1,"P-CCCD_minus_ACDC2",0
"876",5,0,0.1,"P-CCCD_minus_ACDC2",0
"877",5,0,0.25,"P-CCCD_minus_ACDC2",-9.9999999999989e-05
"878",5,0,0.5,"P-CCCD_minus_ACDC2",0
"879",5,0,0.75,"P-CCCD_minus_ACDC2",-0.00115686274509796
"880",5,0,1,"P-CCCD_minus_ACDC2",-0.00616666666666699
"881",5,0.25,0.1,"P-CCCD_minus_ACDC2",0.145344827586207
"882",5,0.25,0.25,"P-CCCD_minus_ACDC2",0.1146
"883",5,0.25,0.5,"P-CCCD_minus_ACDC2",0.057112676056338
"884",5,0.25,0.75,"P-CCCD_minus_ACDC2",0.031
"885",5,0.25,1,"P-CCCD_minus_ACDC2",0.024321428571429
"886",5,0.5,0.1,"P-CCCD_minus_ACDC2",0.035484375
"887",5,0.5,0.25,"P-CCCD_minus_ACDC2",0.00978571428571395
"888",5,0.5,0.5,"P-CCCD_minus_ACDC2",0.00340000000000007
"889",5,0.5,0.75,"P-CCCD_minus_ACDC2",0.00107407407407401
"890",5,0.5,1,"P-CCCD_minus_ACDC2",0.006
"891",5,0.75,0.1,"P-CCCD_minus_ACDC2",-0.000928571428571057
"892",5,0.75,0.25,"P-CCCD_minus_ACDC2",0.000666666666667037
"893",5,0.75,0.5,"P-CCCD_minus_ACDC2",-0.000833333333332908
"894",5,0.75,0.75,"P-CCCD_minus_ACDC2",0.000333333333332964
"895",5,0.75,1,"P-CCCD_minus_ACDC2",0
"896",5,1,0.1,"P-CCCD_minus_ACDC2",0
"897",5,1,0.25,"P-CCCD_minus_ACDC2",0
"898",5,1,0.5,"P-CCCD_minus_ACDC2",0
"899",5,1,0.75,"P-CCCD_minus_ACDC2",0
"900",5,1,1,"P-CCCD_minus_ACDC2",0
"901",10,0,0.1,"P-CCCD_minus_ACDC3",0.00534999999999997
"902",10,0,0.25,"P-CCCD_minus_ACDC3",0.004
"903",10,0,0.5,"P-CCCD_minus_ACDC3",0.000666666666666926
"904",10,0,0.75,"P-CCCD_minus_ACDC3",-0.005058823529412
"905",10,0,1,"P-CCCD_minus_ACDC3",-0.001294117647059
"906",10,0.25,0.1,"P-CCCD_minus_ACDC3",0.094588235294118
"907",10,0.25,0.25,"P-CCCD_minus_ACDC3",0.035493670886076
"908",10,0.25,0.5,"P-CCCD_minus_ACDC3",-0.00047916666666703
"909",10,0.25,0.75,"P-CCCD_minus_ACDC3",-0.011679487179487
"910",10,0.25,1,"P-CCCD_minus_ACDC3",-0.0081
"911",10,0.5,0.1,"P-CCCD_minus_ACDC3",0.00631632653061198
"912",10,0.5,0.25,"P-CCCD_minus_ACDC3",-0.00187499999999996
"913",10,0.5,0.5,"P-CCCD_minus_ACDC3",-0.00119999999999998
"914",10,0.5,0.75,"P-CCCD_minus_ACDC3",-0.000222222222222013
"915",10,0.5,1,"P-CCCD_minus_ACDC3",-0.000333333333332964
"916",10,0.75,0.1,"P-CCCD_minus_ACDC3",0
"917",10,0.75,0.25,"P-CCCD_minus_ACDC3",0
"918",10,0.75,0.5,"P-CCCD_minus_ACDC3",0
"919",10,0.75,0.75,"P-CCCD_minus_ACDC3",0
"920",10,0.75,1,"P-CCCD_minus_ACDC3",0
"921",10,1,0.1,"P-CCCD_minus_ACDC3",0
"922",10,1,0.25,"P-CCCD_minus_ACDC3",0
"923",10,1,0.5,"P-CCCD_minus_ACDC3",0
"924",10,1,0.75,"P-CCCD_minus_ACDC3",0
"925",10,1,1,"P-CCCD_minus_ACDC3",0
"926",2,0,0.1,"P-CCCD_minus_ACDC3",0.00441666666666607
"927",2,0,0.25,"P-CCCD_minus_ACDC3",-0.00106249999999997
"928",2,0,0.5,"P-CCCD_minus_ACDC3",-0.002529411764706
"929",2,0,0.75,"P-CCCD_minus_ACDC3",0
"930",2,0,1,"P-CCCD_minus_ACDC3",-0.00324999999999998
"931",2,0.25,0.1,"P-CCCD_minus_ACDC3",0.167104477611941
"932",2,0.25,0.25,"P-CCCD_minus_ACDC3",0.141786885245902
"933",2,0.25,0.5,"P-CCCD_minus_ACDC3",0.0832241379310349
"934",2,0.25,0.75,"P-CCCD_minus_ACDC3",0.021753846153846
"935",2,0.25,1,"P-CCCD_minus_ACDC3",0.00556756756756804
"936",2,0.5,0.1,"P-CCCD_minus_ACDC3",0.121528301886793
"937",2,0.5,0.25,"P-CCCD_minus_ACDC3",0.050094339622641
"938",2,0.5,0.5,"P-CCCD_minus_ACDC3",0.00700990099009902
"939",2,0.5,0.75,"P-CCCD_minus_ACDC3",-0.00277777777777699
"940",2,0.5,1,"P-CCCD_minus_ACDC3",-0.00449999999999906
"941",2,0.75,0.1,"P-CCCD_minus_ACDC3",0.01608
"942",2,0.75,0.25,"P-CCCD_minus_ACDC3",0.00772727272727203
"943",2,0.75,0.5,"P-CCCD_minus_ACDC3",-0.000407894736841996
"944",2,0.75,0.75,"P-CCCD_minus_ACDC3",-0.00155555555555598
"945",2,0.75,1,"P-CCCD_minus_ACDC3",0.003
"946",2,1,0.1,"P-CCCD_minus_ACDC3",-0.001
"947",2,1,0.25,"P-CCCD_minus_ACDC3",0
"948",2,1,0.5,"P-CCCD_minus_ACDC3",0
"949",2,1,0.75,"P-CCCD_minus_ACDC3",0
"950",2,1,1,"P-CCCD_minus_ACDC3",0
"951",3,0,0.1,"P-CCCD_minus_ACDC3",0
"952",3,0,0.25,"P-CCCD_minus_ACDC3",-4.16666666670507e-05
"953",3,0,0.5,"P-CCCD_minus_ACDC3",-0.000590909090909086
"954",3,0,0.75,"P-CCCD_minus_ACDC3",0
"955",3,0,1,"P-CCCD_minus_ACDC3",0.00138095238095204
"956",3,0.25,0.1,"P-CCCD_minus_ACDC3",0.185916666666666
"957",3,0.25,0.25,"P-CCCD_minus_ACDC3",0.122180327868853
"958",3,0.25,0.5,"P-CCCD_minus_ACDC3",0.051486486486487
"959",3,0.25,0.75,"P-CCCD_minus_ACDC3",0.0256421568627451
"960",3,0.25,1,"P-CCCD_minus_ACDC3",0.0154285714285709
"961",3,0.5,0.1,"P-CCCD_minus_ACDC3",0.062206896551724
"962",3,0.5,0.25,"P-CCCD_minus_ACDC3",0.021170454545454
"963",3,0.5,0.5,"P-CCCD_minus_ACDC3",0.00620512820512797
"964",3,0.5,0.75,"P-CCCD_minus_ACDC3",-0.00185416666666594
"965",3,0.5,1,"P-CCCD_minus_ACDC3",-0.00169999999999992
"966",3,0.75,0.1,"P-CCCD_minus_ACDC3",0.00303846153846099
"967",3,0.75,0.25,"P-CCCD_minus_ACDC3",-0.00223076923076904
"968",3,0.75,0.5,"P-CCCD_minus_ACDC3",-0.000599999999999934
"969",3,0.75,0.75,"P-CCCD_minus_ACDC3",-0.00073333333333303
"970",3,0.75,1,"P-CCCD_minus_ACDC3",-0.00139999999999996
"971",3,1,0.1,"P-CCCD_minus_ACDC3",0
"972",3,1,0.25,"P-CCCD_minus_ACDC3",0
"973",3,1,0.5,"P-CCCD_minus_ACDC3",-0.000333333333332964
"974",3,1,0.75,"P-CCCD_minus_ACDC3",0
"975",3,1,1,"P-CCCD_minus_ACDC3",0
"976",5,0,0.1,"P-CCCD_minus_ACDC3",0
"977",5,0,0.25,"P-CCCD_minus_ACDC3",0
"978",5,0,0.5,"P-CCCD_minus_ACDC3",-0.00161904761904796
"979",5,0,0.75,"P-CCCD_minus_ACDC3",-0.003470588235294
"980",5,0,1,"P-CCCD_minus_ACDC3",-0.00122222222222201
"981",5,0.25,0.1,"P-CCCD_minus_ACDC3",0.121741379310344
"982",5,0.25,0.25,"P-CCCD_minus_ACDC3",0.076542857142857
"983",5,0.25,0.5,"P-CCCD_minus_ACDC3",0.033140845070423
"984",5,0.25,0.75,"P-CCCD_minus_ACDC3",0.022795918367347
"985",5,0.25,1,"P-CCCD_minus_ACDC3",0.023928571428572
"986",5,0.5,0.1,"P-CCCD_minus_ACDC3",0.02746875
"987",5,0.5,0.25,"P-CCCD_minus_ACDC3",0.00809523809523793
"988",5,0.5,0.5,"P-CCCD_minus_ACDC3",0.00180000000000002
"989",5,0.5,0.75,"P-CCCD_minus_ACDC3",-0.000666666666666038
"990",5,0.5,1,"P-CCCD_minus_ACDC3",0.00149999999999995
"991",5,0.75,0.1,"P-CCCD_minus_ACDC3",-0.000857142857143001
"992",5,0.75,0.25,"P-CCCD_minus_ACDC3",-0.000666666666667037
"993",5,0.75,0.5,"P-CCCD_minus_ACDC3",-0.000166666666666981
"994",5,0.75,0.75,"P-CCCD_minus_ACDC3",0.000777777777777988
"995",5,0.75,1,"P-CCCD_minus_ACDC3",0
"996",5,1,0.1,"P-CCCD_minus_ACDC3",0
"997",5,1,0.25,"P-CCCD_minus_ACDC3",0
"998",5,1,0.5,"P-CCCD_minus_ACDC3",0
"999",5,1,0.75,"P-CCCD_minus_ACDC3",0
"1000",5,1,1,"P-CCCD_minus_ACDC3",0
"1001",10,0,0.1,"P-CCCD_minus_ACDC4",0.00449999999999995
"1002",10,0,0.25,"P-CCCD_minus_ACDC4",0.004
"1003",10,0,0.5,"P-CCCD_minus_ACDC4",0.000466666666666948
"1004",10,0,0.75,"P-CCCD_minus_ACDC4",-0.00174509803921596
"1005",10,0,1,"P-CCCD_minus_ACDC4",-0.003647058823529
"1006",10,0.25,0.1,"P-CCCD_minus_ACDC4",0.0786029411764709
"1007",10,0.25,0.25,"P-CCCD_minus_ACDC4",0.030430379746835
"1008",10,0.25,0.5,"P-CCCD_minus_ACDC4",-0.0013541666666671
"1009",10,0.25,0.75,"P-CCCD_minus_ACDC4",-0.011717948717949
"1010",10,0.25,1,"P-CCCD_minus_ACDC4",-0.0115
"1011",10,0.5,0.1,"P-CCCD_minus_ACDC4",0.00297959183673402
"1012",10,0.5,0.25,"P-CCCD_minus_ACDC4",-0.00187499999999996
"1013",10,0.5,0.5,"P-CCCD_minus_ACDC4",0
"1014",10,0.5,0.75,"P-CCCD_minus_ACDC4",-0.00144444444444403
"1015",10,0.5,1,"P-CCCD_minus_ACDC4",-0.002
"1016",10,0.75,0.1,"P-CCCD_minus_ACDC4",0
"1017",10,0.75,0.25,"P-CCCD_minus_ACDC4",0
"1018",10,0.75,0.5,"P-CCCD_minus_ACDC4",0
"1019",10,0.75,0.75,"P-CCCD_minus_ACDC4",0
"1020",10,0.75,1,"P-CCCD_minus_ACDC4",0
"1021",10,1,0.1,"P-CCCD_minus_ACDC4",0
"1022",10,1,0.25,"P-CCCD_minus_ACDC4",0
"1023",10,1,0.5,"P-CCCD_minus_ACDC4",0
"1024",10,1,0.75,"P-CCCD_minus_ACDC4",0
"1025",10,1,1,"P-CCCD_minus_ACDC4",0
"1026",2,0,0.1,"P-CCCD_minus_ACDC4",0.00458333333333305
"1027",2,0,0.25,"P-CCCD_minus_ACDC4",-0.000125000000000042
"1028",2,0,0.5,"P-CCCD_minus_ACDC4",0
"1029",2,0,0.75,"P-CCCD_minus_ACDC4",-0.00223333333333298
"1030",2,0,1,"P-CCCD_minus_ACDC4",0
"1031",2,0.25,0.1,"P-CCCD_minus_ACDC4",0.145686567164179
"1032",2,0.25,0.25,"P-CCCD_minus_ACDC4",0.104639344262296
"1033",2,0.25,0.5,"P-CCCD_minus_ACDC4",0.039155172413794
"1034",2,0.25,0.75,"P-CCCD_minus_ACDC4",0.0100256410256411
"1035",2,0.25,1,"P-CCCD_minus_ACDC4",0.00321621621621604
"1036",2,0.5,0.1,"P-CCCD_minus_ACDC4",0.060179245283019
"1037",2,0.5,0.25,"P-CCCD_minus_ACDC4",0.02261320754717
"1038",2,0.5,0.5,"P-CCCD_minus_ACDC4",0.00236633663366403
"1039",2,0.5,0.75,"P-CCCD_minus_ACDC4",-0.0055777777777769
"1040",2,0.5,1,"P-CCCD_minus_ACDC4",-0.005285714285714
"1041",2,0.75,0.1,"P-CCCD_minus_ACDC4",0.00746000000000002
"1042",2,0.75,0.25,"P-CCCD_minus_ACDC4",0.00169696969696898
"1043",2,0.75,0.5,"P-CCCD_minus_ACDC4",0.000236842105263091
"1044",2,0.75,0.75,"P-CCCD_minus_ACDC4",-0.00103703703703695
"1045",2,0.75,1,"P-CCCD_minus_ACDC4",0.000500000000000056
"1046",2,1,0.1,"P-CCCD_minus_ACDC4",-0.001
"1047",2,1,0.25,"P-CCCD_minus_ACDC4",0
"1048",2,1,0.5,"P-CCCD_minus_ACDC4",0
"1049",2,1,0.75,"P-CCCD_minus_ACDC4",0
"1050",2,1,1,"P-CCCD_minus_ACDC4",0
"1051",3,0,0.1,"P-CCCD_minus_ACDC4",0
"1052",3,0,0.25,"P-CCCD_minus_ACDC4",0
"1053",3,0,0.5,"P-CCCD_minus_ACDC4",-0.00195454545454499
"1054",3,0,0.75,"P-CCCD_minus_ACDC4",-0.00148484848484898
"1055",3,0,1,"P-CCCD_minus_ACDC4",-0.00452380952381004
"1056",3,0.25,0.1,"P-CCCD_minus_ACDC4",0.13995
"1057",3,0.25,0.25,"P-CCCD_minus_ACDC4",0.0957540983606561
"1058",3,0.25,0.5,"P-CCCD_minus_ACDC4",0.0282162162162161
"1059",3,0.25,0.75,"P-CCCD_minus_ACDC4",0.00783333333333402
"1060",3,0.25,1,"P-CCCD_minus_ACDC4",0.0105999999999999
"1061",3,0.5,0.1,"P-CCCD_minus_ACDC4",0.0388017241379309
"1062",3,0.5,0.25,"P-CCCD_minus_ACDC4",0.00960227272727299
"1063",3,0.5,0.5,"P-CCCD_minus_ACDC4",0.00292307692307692
"1064",3,0.5,0.75,"P-CCCD_minus_ACDC4",-0.00112499999999993
"1065",3,0.5,1,"P-CCCD_minus_ACDC4",-0.005
"1066",3,0.75,0.1,"P-CCCD_minus_ACDC4",0.000365384615384046
"1067",3,0.75,0.25,"P-CCCD_minus_ACDC4",-0.00269230769230699
"1068",3,0.75,0.5,"P-CCCD_minus_ACDC4",-0.000800000000000023
"1069",3,0.75,0.75,"P-CCCD_minus_ACDC4",-0.00113333333333299
"1070",3,0.75,1,"P-CCCD_minus_ACDC4",0.000199999999999978
"1071",3,1,0.1,"P-CCCD_minus_ACDC4",0
"1072",3,1,0.25,"P-CCCD_minus_ACDC4",0
"1073",3,1,0.5,"P-CCCD_minus_ACDC4",-0.000333333333332964
"1074",3,1,0.75,"P-CCCD_minus_ACDC4",0
"1075",3,1,1,"P-CCCD_minus_ACDC4",0
"1076",5,0,0.1,"P-CCCD_minus_ACDC4",-0.000470588235294
"1077",5,0,0.25,"P-CCCD_minus_ACDC4",0
"1078",5,0,0.5,"P-CCCD_minus_ACDC4",-0.001428571428571
"1079",5,0,0.75,"P-CCCD_minus_ACDC4",0
"1080",5,0,1,"P-CCCD_minus_ACDC4",-0.00483333333333302
"1081",5,0.25,0.1,"P-CCCD_minus_ACDC4",0.109206896551724
"1082",5,0.25,0.25,"P-CCCD_minus_ACDC4",0.055628571428571
"1083",5,0.25,0.5,"P-CCCD_minus_ACDC4",0.022619718309859
"1084",5,0.25,0.75,"P-CCCD_minus_ACDC4",0.017210884353741
"1085",5,0.25,1,"P-CCCD_minus_ACDC4",0.016035714285715
"1086",5,0.5,0.1,"P-CCCD_minus_ACDC4",0.0120312499999999
"1087",5,0.5,0.25,"P-CCCD_minus_ACDC4",0.00216666666666698
"1088",5,0.5,0.5,"P-CCCD_minus_ACDC4",-9.9999999999989e-05
"1089",5,0.5,0.75,"P-CCCD_minus_ACDC4",-0.001
"1090",5,0.5,1,"P-CCCD_minus_ACDC4",0.00212500000000004
"1091",5,0.75,0.1,"P-CCCD_minus_ACDC4",-0.00150000000000006
"1092",5,0.75,0.25,"P-CCCD_minus_ACDC4",-0.00133333333333296
"1093",5,0.75,0.5,"P-CCCD_minus_ACDC4",-0.000166666666666981
"1094",5,0.75,0.75,"P-CCCD_minus_ACDC4",0.000444444444444025
"1095",5,0.75,1,"P-CCCD_minus_ACDC4",0.000249999999999972
"1096",5,1,0.1,"P-CCCD_minus_ACDC4",0
"1097",5,1,0.25,"P-CCCD_minus_ACDC4",0
"1098",5,1,0.5,"P-CCCD_minus_ACDC4",0
"1099",5,1,0.75,"P-CCCD_minus_ACDC4",0
"1100",5,1,1,"P-CCCD_minus_ACDC4",0
"1101",10,0,0.1,"P-CCCD_minus_ACDC5",0.00534999999999997
"1102",10,0,0.25,"P-CCCD_minus_ACDC5",0.00294444444444397
"1103",10,0,0.5,"P-CCCD_minus_ACDC5",0.00239999999999996
"1104",10,0,0.75,"P-CCCD_minus_ACDC5",0
"1105",10,0,1,"P-CCCD_minus_ACDC5",0
"1106",10,0.25,0.1,"P-CCCD_minus_ACDC5",0.0676617647058819
"1107",10,0.25,0.25,"P-CCCD_minus_ACDC5",0.025518987341772
"1108",10,0.25,0.5,"P-CCCD_minus_ACDC5",-0.004270833333333
"1109",10,0.25,0.75,"P-CCCD_minus_ACDC5",-0.016692307692308
"1110",10,0.25,1,"P-CCCD_minus_ACDC5",-0.0136999999999999
"1111",10,0.5,0.1,"P-CCCD_minus_ACDC5",0.00504081632652997
"1112",10,0.5,0.25,"P-CCCD_minus_ACDC5",-0.000750000000000028
"1113",10,0.5,0.5,"P-CCCD_minus_ACDC5",0.000200000000000089
"1114",10,0.5,0.75,"P-CCCD_minus_ACDC5",-0.000222222222222013
"1115",10,0.5,1,"P-CCCD_minus_ACDC5",-0.000666666666665927
"1116",10,0.75,0.1,"P-CCCD_minus_ACDC5",0
"1117",10,0.75,0.25,"P-CCCD_minus_ACDC5",0
"1118",10,0.75,0.5,"P-CCCD_minus_ACDC5",0
"1119",10,0.75,0.75,"P-CCCD_minus_ACDC5",0
"1120",10,0.75,1,"P-CCCD_minus_ACDC5",0
"1121",10,1,0.1,"P-CCCD_minus_ACDC5",0
"1122",10,1,0.25,"P-CCCD_minus_ACDC5",0
"1123",10,1,0.5,"P-CCCD_minus_ACDC5",0
"1124",10,1,0.75,"P-CCCD_minus_ACDC5",0
"1125",10,1,1,"P-CCCD_minus_ACDC5",0
"1126",2,0,0.1,"P-CCCD_minus_ACDC5",0.00437500000000002
"1127",2,0,0.25,"P-CCCD_minus_ACDC5",0
"1128",2,0,0.5,"P-CCCD_minus_ACDC5",0
"1129",2,0,0.75,"P-CCCD_minus_ACDC5",0
"1130",2,0,1,"P-CCCD_minus_ACDC5",-0.00305
"1131",2,0.25,0.1,"P-CCCD_minus_ACDC5",0.123179104477612
"1132",2,0.25,0.25,"P-CCCD_minus_ACDC5",0.0802131147540991
"1133",2,0.25,0.5,"P-CCCD_minus_ACDC5",0.025120689655173
"1134",2,0.25,0.75,"P-CCCD_minus_ACDC5",0.00528205128205106
"1135",2,0.25,1,"P-CCCD_minus_ACDC5",-0.00259459459459399
"1136",2,0.5,0.1,"P-CCCD_minus_ACDC5",0.039245283018868
"1137",2,0.5,0.25,"P-CCCD_minus_ACDC5",0.00877358490565994
"1138",2,0.5,0.5,"P-CCCD_minus_ACDC5",-0.0025643564356429
"1139",2,0.5,0.75,"P-CCCD_minus_ACDC5",-0.00526666666666598
"1140",2,0.5,1,"P-CCCD_minus_ACDC5",-0.005142857142857
"1141",2,0.75,0.1,"P-CCCD_minus_ACDC5",0.00246000000000002
"1142",2,0.75,0.25,"P-CCCD_minus_ACDC5",-0.000121212121211967
"1143",2,0.75,0.5,"P-CCCD_minus_ACDC5",-0.000749999999999917
"1144",2,0.75,0.75,"P-CCCD_minus_ACDC5",-0.000296296296296905
"1145",2,0.75,1,"P-CCCD_minus_ACDC5",0.000166666666666981
"1146",2,1,0.1,"P-CCCD_minus_ACDC5",0
"1147",2,1,0.25,"P-CCCD_minus_ACDC5",0
"1148",2,1,0.5,"P-CCCD_minus_ACDC5",0
"1149",2,1,0.75,"P-CCCD_minus_ACDC5",0
"1150",2,1,1,"P-CCCD_minus_ACDC5",0
"1151",3,0,0.1,"P-CCCD_minus_ACDC5",0
"1152",3,0,0.25,"P-CCCD_minus_ACDC5",-0.000541666666666996
"1153",3,0,0.5,"P-CCCD_minus_ACDC5",-0.000227272727272076
"1154",3,0,0.75,"P-CCCD_minus_ACDC5",-0.00224242424242405
"1155",3,0,1,"P-CCCD_minus_ACDC5",-0.00361904761904797
"1156",3,0.25,0.1,"P-CCCD_minus_ACDC5",0.138533333333333
"1157",3,0.25,0.25,"P-CCCD_minus_ACDC5",0.063131147540984
"1158",3,0.25,0.5,"P-CCCD_minus_ACDC5",0.023878378378378
"1159",3,0.25,0.75,"P-CCCD_minus_ACDC5",0.00823529411764701
"1160",3,0.25,1,"P-CCCD_minus_ACDC5",0.013542857142857
"1161",3,0.5,0.1,"P-CCCD_minus_ACDC5",0.020439655172414
"1162",3,0.5,0.25,"P-CCCD_minus_ACDC5",0.00668181818181801
"1163",3,0.5,0.5,"P-CCCD_minus_ACDC5",0.00123076923076992
"1164",3,0.5,0.75,"P-CCCD_minus_ACDC5",-0.00204166666666594
"1165",3,0.5,1,"P-CCCD_minus_ACDC5",-0.00119999999999998
"1166",3,0.75,0.1,"P-CCCD_minus_ACDC5",-0.001826923076924
"1167",3,0.75,0.25,"P-CCCD_minus_ACDC5",-0.00407692307692309
"1168",3,0.75,0.5,"P-CCCD_minus_ACDC5",-0.000399999999999956
"1169",3,0.75,0.75,"P-CCCD_minus_ACDC5",0.000199999999999978
"1170",3,0.75,1,"P-CCCD_minus_ACDC5",-0.000399999999999956
"1171",3,1,0.1,"P-CCCD_minus_ACDC5",0
"1172",3,1,0.25,"P-CCCD_minus_ACDC5",0
"1173",3,1,0.5,"P-CCCD_minus_ACDC5",-0.000333333333332964
"1174",3,1,0.75,"P-CCCD_minus_ACDC5",0
"1175",3,1,1,"P-CCCD_minus_ACDC5",0
"1176",5,0,0.1,"P-CCCD_minus_ACDC5",0
"1177",5,0,0.25,"P-CCCD_minus_ACDC5",0
"1178",5,0,0.5,"P-CCCD_minus_ACDC5",0
"1179",5,0,0.75,"P-CCCD_minus_ACDC5",-0.003647058823529
"1180",5,0,1,"P-CCCD_minus_ACDC5",-0.00155555555555598
"1181",5,0.25,0.1,"P-CCCD_minus_ACDC5",0.088896551724138
"1182",5,0.25,0.25,"P-CCCD_minus_ACDC5",0.053042857142857
"1183",5,0.25,0.5,"P-CCCD_minus_ACDC5",0.016887323943662
"1184",5,0.25,0.75,"P-CCCD_minus_ACDC5",0.015319727891156
"1185",5,0.25,1,"P-CCCD_minus_ACDC5",0.011142857142858
"1186",5,0.5,0.1,"P-CCCD_minus_ACDC5",0.00845312499999995
"1187",5,0.5,0.25,"P-CCCD_minus_ACDC5",0.000714285714286
"1188",5,0.5,0.5,"P-CCCD_minus_ACDC5",0.000200000000000089
"1189",5,0.5,0.75,"P-CCCD_minus_ACDC5",-0.00162962962962909
"1190",5,0.5,1,"P-CCCD_minus_ACDC5",0.002
"1191",5,0.75,0.1,"P-CCCD_minus_ACDC5",-0.00221428571428606
"1192",5,0.75,0.25,"P-CCCD_minus_ACDC5",-0.00133333333333296
"1193",5,0.75,0.5,"P-CCCD_minus_ACDC5",-0.000666666666666926
"1194",5,0.75,0.75,"P-CCCD_minus_ACDC5",0.000333333333332964
"1195",5,0.75,1,"P-CCCD_minus_ACDC5",-0.000750000000000028
"1196",5,1,0.1,"P-CCCD_minus_ACDC5",0
"1197",5,1,0.25,"P-CCCD_minus_ACDC5",0
"1198",5,1,0.5,"P-CCCD_minus_ACDC5",0
"1199",5,1,0.75,"P-CCCD_minus_ACDC5",0
"1200",5,1,1,"P-CCCD_minus_ACDC5",0
"1201",10,0,0.1,"RW-CCCD_minus_ACDC1",-0.000349999999999961
"1202",10,0,0.25,"RW-CCCD_minus_ACDC1",0
"1203",10,0,0.5,"RW-CCCD_minus_ACDC1",-0.00126666666666697
"1204",10,0,0.75,"RW-CCCD_minus_ACDC1",-0.000862745098038964
"1205",10,0,1,"RW-CCCD_minus_ACDC1",0.000764705882353001
"1206",10,0.25,0.1,"RW-CCCD_minus_ACDC1",0.198029411764706
"1207",10,0.25,0.25,"RW-CCCD_minus_ACDC1",0.108582278481013
"1208",10,0.25,0.5,"RW-CCCD_minus_ACDC1",0.048666666666667
"1209",10,0.25,0.75,"RW-CCCD_minus_ACDC1",0.022897435897436
"1210",10,0.25,1,"RW-CCCD_minus_ACDC1",0.0183
"1211",10,0.5,0.1,"RW-CCCD_minus_ACDC1",-0.00673469387755099
"1212",10,0.5,0.25,"RW-CCCD_minus_ACDC1",-0.00237500000000002
"1213",10,0.5,0.5,"RW-CCCD_minus_ACDC1",-0.00120000000000009
"1214",10,0.5,0.75,"RW-CCCD_minus_ACDC1",-0.00133333333333308
"1215",10,0.5,1,"RW-CCCD_minus_ACDC1",0.00133333333333407
"1216",10,0.75,0.1,"RW-CCCD_minus_ACDC1",0
"1217",10,0.75,0.25,"RW-CCCD_minus_ACDC1",0
"1218",10,0.75,0.5,"RW-CCCD_minus_ACDC1",0
"1219",10,0.75,0.75,"RW-CCCD_minus_ACDC1",0
"1220",10,0.75,1,"RW-CCCD_minus_ACDC1",0
"1221",10,1,0.1,"RW-CCCD_minus_ACDC1",0
"1222",10,1,0.25,"RW-CCCD_minus_ACDC1",0
"1223",10,1,0.5,"RW-CCCD_minus_ACDC1",0
"1224",10,1,0.75,"RW-CCCD_minus_ACDC1",0
"1225",10,1,1,"RW-CCCD_minus_ACDC1",0
"1226",2,0,0.1,"RW-CCCD_minus_ACDC1",-0.000416666666667065
"1227",2,0,0.25,"RW-CCCD_minus_ACDC1",-0.000312500000000049
"1228",2,0,0.5,"RW-CCCD_minus_ACDC1",0
"1229",2,0,0.75,"RW-CCCD_minus_ACDC1",-0.000766666666667026
"1230",2,0,1,"RW-CCCD_minus_ACDC1",-0.00205
"1231",2,0.25,0.1,"RW-CCCD_minus_ACDC1",0.142253731343283
"1232",2,0.25,0.25,"RW-CCCD_minus_ACDC1",0.194
"1233",2,0.25,0.5,"RW-CCCD_minus_ACDC1",0.179586206896552
"1234",2,0.25,0.75,"RW-CCCD_minus_ACDC1",0.0966769230769231
"1235",2,0.25,1,"RW-CCCD_minus_ACDC1",0.0282972972972969
"1236",2,0.5,0.1,"RW-CCCD_minus_ACDC1",0.328698113207547
"1237",2,0.5,0.25,"RW-CCCD_minus_ACDC1",0.253773584905661
"1238",2,0.5,0.5,"RW-CCCD_minus_ACDC1",0.124257425742575
"1239",2,0.5,0.75,"RW-CCCD_minus_ACDC1",0.00919999999999999
"1240",2,0.5,1,"RW-CCCD_minus_ACDC1",0.003857142857143
"1241",2,0.75,0.1,"RW-CCCD_minus_ACDC1",0.207593333333334
"1242",2,0.75,0.25,"RW-CCCD_minus_ACDC1",0.077893939393939
"1243",2,0.75,0.5,"RW-CCCD_minus_ACDC1",-0.00157894736842101
"1244",2,0.75,0.75,"RW-CCCD_minus_ACDC1",-0.000185185185184955
"1245",2,0.75,1,"RW-CCCD_minus_ACDC1",0.00183333333333302
"1246",2,1,0.1,"RW-CCCD_minus_ACDC1",-0.003
"1247",2,1,0.25,"RW-CCCD_minus_ACDC1",0
"1248",2,1,0.5,"RW-CCCD_minus_ACDC1",-0.002
"1249",2,1,0.75,"RW-CCCD_minus_ACDC1",-0.000499999999999945
"1250",2,1,1,"RW-CCCD_minus_ACDC1",-0.001
"1251",3,0,0.1,"RW-CCCD_minus_ACDC1",-0.00094736842105303
"1252",3,0,0.25,"RW-CCCD_minus_ACDC1",-0.000291666666667023
"1253",3,0,0.5,"RW-CCCD_minus_ACDC1",0
"1254",3,0,0.75,"RW-CCCD_minus_ACDC1",0.000363636363636011
"1255",3,0,1,"RW-CCCD_minus_ACDC1",0.00180952380952404
"1256",3,0.25,0.1,"RW-CCCD_minus_ACDC1",0.163016666666667
"1257",3,0.25,0.25,"RW-CCCD_minus_ACDC1",0.210196721311475
"1258",3,0.25,0.5,"RW-CCCD_minus_ACDC1",0.163864864864864
"1259",3,0.25,0.75,"RW-CCCD_minus_ACDC1",0.0988627450980389
"1260",3,0.25,1,"RW-CCCD_minus_ACDC1",0.0542
"1261",3,0.5,0.1,"RW-CCCD_minus_ACDC1",0.238793103448275
"1262",3,0.5,0.25,"RW-CCCD_minus_ACDC1",0.125045454545455
"1263",3,0.5,0.5,"RW-CCCD_minus_ACDC1",0.0471794871794869
"1264",3,0.5,0.75,"RW-CCCD_minus_ACDC1",0.011333333333333
"1265",3,0.5,1,"RW-CCCD_minus_ACDC1",0.0103000000000001
"1266",3,0.75,0.1,"RW-CCCD_minus_ACDC1",0.023211538461539
"1267",3,0.75,0.25,"RW-CCCD_minus_ACDC1",-0.00253846153846105
"1268",3,0.75,0.5,"RW-CCCD_minus_ACDC1",-0.00180000000000002
"1269",3,0.75,0.75,"RW-CCCD_minus_ACDC1",0.00286666666666702
"1270",3,0.75,1,"RW-CCCD_minus_ACDC1",0
"1271",3,1,0.1,"RW-CCCD_minus_ACDC1",-0.005
"1272",3,1,0.25,"RW-CCCD_minus_ACDC1",0
"1273",3,1,0.5,"RW-CCCD_minus_ACDC1",-0.002
"1274",3,1,0.75,"RW-CCCD_minus_ACDC1",-0.000666666666667037
"1275",3,1,1,"RW-CCCD_minus_ACDC1",-0.000499999999999945
"1276",5,0,0.1,"RW-CCCD_minus_ACDC1",0
"1277",5,0,0.25,"RW-CCCD_minus_ACDC1",-0.000950000000000006
"1278",5,0,0.5,"RW-CCCD_minus_ACDC1",0.00338095238095204
"1279",5,0,0.75,"RW-CCCD_minus_ACDC1",0
"1280",5,0,1,"RW-CCCD_minus_ACDC1",-0.00133333333333296
"1281",5,0.25,0.1,"RW-CCCD_minus_ACDC1",0.205758620689655
"1282",5,0.25,0.25,"RW-CCCD_minus_ACDC1",0.2045
"1283",5,0.25,0.5,"RW-CCCD_minus_ACDC1",0.111802816901408
"1284",5,0.25,0.75,"RW-CCCD_minus_ACDC1",0.062340136054422
"1285",5,0.25,1,"RW-CCCD_minus_ACDC1",0.034535714285714
"1286",5,0.5,0.1,"RW-CCCD_minus_ACDC1",0.092546875
"1287",5,0.5,0.25,"RW-CCCD_minus_ACDC1",0.0375476190476189
"1288",5,0.5,0.5,"RW-CCCD_minus_ACDC1",0.00130000000000008
"1289",5,0.5,0.75,"RW-CCCD_minus_ACDC1",0.00762962962962999
"1290",5,0.5,1,"RW-CCCD_minus_ACDC1",0.00287499999999996
"1291",5,0.75,0.1,"RW-CCCD_minus_ACDC1",-0.00292857142857095
"1292",5,0.75,0.25,"RW-CCCD_minus_ACDC1",0.00083333333333302
"1293",5,0.75,0.5,"RW-CCCD_minus_ACDC1",-0.00083333333333302
"1294",5,0.75,0.75,"RW-CCCD_minus_ACDC1",0.000333333333333963
"1295",5,0.75,1,"RW-CCCD_minus_ACDC1",0.000499999999999945
"1296",5,1,0.1,"RW-CCCD_minus_ACDC1",-0.00375000000000003
"1297",5,1,0.25,"RW-CCCD_minus_ACDC1",-0.00160000000000005
"1298",5,1,0.5,"RW-CCCD_minus_ACDC1",-0.001
"1299",5,1,0.75,"RW-CCCD_minus_ACDC1",0
"1300",5,1,1,"RW-CCCD_minus_ACDC1",0
"1301",10,0,0.1,"RW-CCCD_minus_ACDC2",0
"1302",10,0,0.25,"RW-CCCD_minus_ACDC2",-0.000555555555555975
"1303",10,0,0.5,"RW-CCCD_minus_ACDC2",-0.00346666666666695
"1304",10,0,0.75,"RW-CCCD_minus_ACDC2",-0.00150980392156896
"1305",10,0,1,"RW-CCCD_minus_ACDC2",0.000764705882353001
"1306",10,0.25,0.1,"RW-CCCD_minus_ACDC2",0.142705882352941
"1307",10,0.25,0.25,"RW-CCCD_minus_ACDC2",0.050164556962026
"1308",10,0.25,0.5,"RW-CCCD_minus_ACDC2",0.0124375
"1309",10,0.25,0.75,"RW-CCCD_minus_ACDC2",0.00843589743589801
"1310",10,0.25,1,"RW-CCCD_minus_ACDC2",0.00795000000000001
"1311",10,0.5,0.1,"RW-CCCD_minus_ACDC2",-0.016510204081633
"1312",10,0.5,0.25,"RW-CCCD_minus_ACDC2",-0.002
"1313",10,0.5,0.5,"RW-CCCD_minus_ACDC2",-0.00160000000000005
"1314",10,0.5,0.75,"RW-CCCD_minus_ACDC2",-0.000555555555554976
"1315",10,0.5,1,"RW-CCCD_minus_ACDC2",0.00133333333333407
"1316",10,0.75,0.1,"RW-CCCD_minus_ACDC2",0
"1317",10,0.75,0.25,"RW-CCCD_minus_ACDC2",0
"1318",10,0.75,0.5,"RW-CCCD_minus_ACDC2",0
"1319",10,0.75,0.75,"RW-CCCD_minus_ACDC2",0
"1320",10,0.75,1,"RW-CCCD_minus_ACDC2",0
"1321",10,1,0.1,"RW-CCCD_minus_ACDC2",0
"1322",10,1,0.25,"RW-CCCD_minus_ACDC2",0
"1323",10,1,0.5,"RW-CCCD_minus_ACDC2",0
"1324",10,1,0.75,"RW-CCCD_minus_ACDC2",0
"1325",10,1,1,"RW-CCCD_minus_ACDC2",0
"1326",2,0,0.1,"RW-CCCD_minus_ACDC2",0.000499999999999945
"1327",2,0,0.25,"RW-CCCD_minus_ACDC2",0
"1328",2,0,0.5,"RW-CCCD_minus_ACDC2",0
"1329",2,0,0.75,"RW-CCCD_minus_ACDC2",-0.00121666666666698
"1330",2,0,1,"RW-CCCD_minus_ACDC2",0.00129999999999997
"1331",2,0.25,0.1,"RW-CCCD_minus_ACDC2",0.137179104477612
"1332",2,0.25,0.25,"RW-CCCD_minus_ACDC2",0.176524590163935
"1333",2,0.25,0.5,"RW-CCCD_minus_ACDC2",0.122103448275862
"1334",2,0.25,0.75,"RW-CCCD_minus_ACDC2",0.0579230769230771
"1335",2,0.25,1,"RW-CCCD_minus_ACDC2",0.018135135135135
"1336",2,0.5,0.1,"RW-CCCD_minus_ACDC2",0.223283018867925
"1337",2,0.5,0.25,"RW-CCCD_minus_ACDC2",0.126188679245283
"1338",2,0.5,0.5,"RW-CCCD_minus_ACDC2",0.026633663366337
"1339",2,0.5,0.75,"RW-CCCD_minus_ACDC2",0.00804444444444397
"1340",2,0.5,1,"RW-CCCD_minus_ACDC2",-0.001857142857143
"1341",2,0.75,0.1,"RW-CCCD_minus_ACDC2",0.036133333333334
"1342",2,0.75,0.25,"RW-CCCD_minus_ACDC2",0.009424242424242
"1343",2,0.75,0.5,"RW-CCCD_minus_ACDC2",-0.00943421052631599
"1344",2,0.75,0.75,"RW-CCCD_minus_ACDC2",-0.00114814814814801
"1345",2,0.75,1,"RW-CCCD_minus_ACDC2",0.00166666666666604
"1346",2,1,0.1,"RW-CCCD_minus_ACDC2",-0.004
"1347",2,1,0.25,"RW-CCCD_minus_ACDC2",0
"1348",2,1,0.5,"RW-CCCD_minus_ACDC2",-0.002
"1349",2,1,0.75,"RW-CCCD_minus_ACDC2",-0.000499999999999945
"1350",2,1,1,"RW-CCCD_minus_ACDC2",-0.001
"1351",3,0,0.1,"RW-CCCD_minus_ACDC2",0
"1352",3,0,0.25,"RW-CCCD_minus_ACDC2",0
"1353",3,0,0.5,"RW-CCCD_minus_ACDC2",0
"1354",3,0,0.75,"RW-CCCD_minus_ACDC2",-0.000227272727272965
"1355",3,0,1,"RW-CCCD_minus_ACDC2",0.001142857142857
"1356",3,0.25,0.1,"RW-CCCD_minus_ACDC2",0.15395
"1357",3,0.25,0.25,"RW-CCCD_minus_ACDC2",0.144360655737705
"1358",3,0.25,0.5,"RW-CCCD_minus_ACDC2",0.0846621621621619
"1359",3,0.25,0.75,"RW-CCCD_minus_ACDC2",0.044397058823529
"1360",3,0.25,1,"RW-CCCD_minus_ACDC2",0.0316571428571429
"1361",3,0.5,0.1,"RW-CCCD_minus_ACDC2",0.082387931034482
"1362",3,0.5,0.25,"RW-CCCD_minus_ACDC2",0.039215909090909
"1363",3,0.5,0.5,"RW-CCCD_minus_ACDC2",0.009692307692308
"1364",3,0.5,0.75,"RW-CCCD_minus_ACDC2",0.00333333333333297
"1365",3,0.5,1,"RW-CCCD_minus_ACDC2",0.00120000000000009
"1366",3,0.75,0.1,"RW-CCCD_minus_ACDC2",-0.00667307692307695
"1367",3,0.75,0.25,"RW-CCCD_minus_ACDC2",-0.00330769230769201
"1368",3,0.75,0.5,"RW-CCCD_minus_ACDC2",-0.001
"1369",3,0.75,0.75,"RW-CCCD_minus_ACDC2",0.00153333333333305
"1370",3,0.75,1,"RW-CCCD_minus_ACDC2",0.001
"1371",3,1,0.1,"RW-CCCD_minus_ACDC2",-0.005
"1372",3,1,0.25,"RW-CCCD_minus_ACDC2",0
"1373",3,1,0.5,"RW-CCCD_minus_ACDC2",-0.002
"1374",3,1,0.75,"RW-CCCD_minus_ACDC2",-0.000666666666667037
"1375",3,1,1,"RW-CCCD_minus_ACDC2",-0.000499999999999945
"1376",5,0,0.1,"RW-CCCD_minus_ACDC2",0
"1377",5,0,0.25,"RW-CCCD_minus_ACDC2",-9.9999999999989e-05
"1378",5,0,0.5,"RW-CCCD_minus_ACDC2",0.00338095238095204
"1379",5,0,0.75,"RW-CCCD_minus_ACDC2",-0.00115686274509796
"1380",5,0,1,"RW-CCCD_minus_ACDC2",-0.00616666666666699
"1381",5,0.25,0.1,"RW-CCCD_minus_ACDC2",0.159672413793104
"1382",5,0.25,0.25,"RW-CCCD_minus_ACDC2",0.105214285714286
"1383",5,0.25,0.5,"RW-CCCD_minus_ACDC2",0.055647887323943
"1384",5,0.25,0.75,"RW-CCCD_minus_ACDC2",0.027115646258504
"1385",5,0.25,1,"RW-CCCD_minus_ACDC2",0.0202500000000001
"1386",5,0.5,0.1,"RW-CCCD_minus_ACDC2",0.027421875
"1387",5,0.5,0.25,"RW-CCCD_minus_ACDC2",0.00778571428571395
"1388",5,0.5,0.5,"RW-CCCD_minus_ACDC2",0.000400000000000067
"1389",5,0.5,0.75,"RW-CCCD_minus_ACDC2",0.00329629629629602
"1390",5,0.5,1,"RW-CCCD_minus_ACDC2",0.00324999999999998
"1391",5,0.75,0.1,"RW-CCCD_minus_ACDC2",-0.001571428571428
"1392",5,0.75,0.25,"RW-CCCD_minus_ACDC2",0.000166666666667092
"1393",5,0.75,0.5,"RW-CCCD_minus_ACDC2",-0.00316666666666598
"1394",5,0.75,0.75,"RW-CCCD_minus_ACDC2",0.000666666666666926
"1395",5,0.75,1,"RW-CCCD_minus_ACDC2",-0.000249999999999972
"1396",5,1,0.1,"RW-CCCD_minus_ACDC2",-0.00375000000000003
"1397",5,1,0.25,"RW-CCCD_minus_ACDC2",-0.00160000000000005
"1398",5,1,0.5,"RW-CCCD_minus_ACDC2",-0.001
"1399",5,1,0.75,"RW-CCCD_minus_ACDC2",0
"1400",5,1,1,"RW-CCCD_minus_ACDC2",0
"1401",10,0,0.1,"RW-CCCD_minus_ACDC3",0
"1402",10,0,0.25,"RW-CCCD_minus_ACDC3",0
"1403",10,0,0.5,"RW-CCCD_minus_ACDC3",-0.00173333333333303
"1404",10,0,0.75,"RW-CCCD_minus_ACDC3",-0.005058823529412
"1405",10,0,1,"RW-CCCD_minus_ACDC3",-0.000529411764706
"1406",10,0.25,0.1,"RW-CCCD_minus_ACDC3",0.1275
"1407",10,0.25,0.25,"RW-CCCD_minus_ACDC3",0.029177215189874
"1408",10,0.25,0.5,"RW-CCCD_minus_ACDC3",0.00945833333333301
"1409",10,0.25,0.75,"RW-CCCD_minus_ACDC3",0.001782051282052
"1410",10,0.25,1,"RW-CCCD_minus_ACDC3",0.00539999999999996
"1411",10,0.5,0.1,"RW-CCCD_minus_ACDC3",-0.021316326530612
"1412",10,0.5,0.25,"RW-CCCD_minus_ACDC3",-0.00187499999999996
"1413",10,0.5,0.5,"RW-CCCD_minus_ACDC3",-0.00440000000000007
"1414",10,0.5,0.75,"RW-CCCD_minus_ACDC3",-0.000666666666666038
"1415",10,0.5,1,"RW-CCCD_minus_ACDC3",0.00166666666666704
"1416",10,0.75,0.1,"RW-CCCD_minus_ACDC3",0
"1417",10,0.75,0.25,"RW-CCCD_minus_ACDC3",0
"1418",10,0.75,0.5,"RW-CCCD_minus_ACDC3",0
"1419",10,0.75,0.75,"RW-CCCD_minus_ACDC3",0
"1420",10,0.75,1,"RW-CCCD_minus_ACDC3",0
"1421",10,1,0.1,"RW-CCCD_minus_ACDC3",0
"1422",10,1,0.25,"RW-CCCD_minus_ACDC3",0
"1423",10,1,0.5,"RW-CCCD_minus_ACDC3",0
"1424",10,1,0.75,"RW-CCCD_minus_ACDC3",0
"1425",10,1,1,"RW-CCCD_minus_ACDC3",0
"1426",2,0,0.1,"RW-CCCD_minus_ACDC3",0.000333333333332964
"1427",2,0,0.25,"RW-CCCD_minus_ACDC3",-0.00106249999999997
"1428",2,0,0.5,"RW-CCCD_minus_ACDC3",-0.002529411764706
"1429",2,0,0.75,"RW-CCCD_minus_ACDC3",0
"1430",2,0,1,"RW-CCCD_minus_ACDC3",-0.00195000000000001
"1431",2,0.25,0.1,"RW-CCCD_minus_ACDC3",0.111910447761194
"1432",2,0.25,0.25,"RW-CCCD_minus_ACDC3",0.133786885245902
"1433",2,0.25,0.5,"RW-CCCD_minus_ACDC3",0.084189655172414
"1434",2,0.25,0.75,"RW-CCCD_minus_ACDC3",0.025117948717949
"1435",2,0.25,1,"RW-CCCD_minus_ACDC3",0.00972972972972996
"1436",2,0.5,0.1,"RW-CCCD_minus_ACDC3",0.10211320754717
"1437",2,0.5,0.25,"RW-CCCD_minus_ACDC3",0.046320754716981
"1438",2,0.5,0.5,"RW-CCCD_minus_ACDC3",0.00915841584158394
"1439",2,0.5,0.75,"RW-CCCD_minus_ACDC3",0.00188888888888894
"1440",2,0.5,1,"RW-CCCD_minus_ACDC3",-0.000857142857142001
"1441",2,0.75,0.1,"RW-CCCD_minus_ACDC3",-0.00202666666666607
"1442",2,0.75,0.25,"RW-CCCD_minus_ACDC3",0.00410606060606
"1443",2,0.75,0.5,"RW-CCCD_minus_ACDC3",-0.012763157894737
"1444",2,0.75,0.75,"RW-CCCD_minus_ACDC3",-0.000444444444444025
"1445",2,0.75,1,"RW-CCCD_minus_ACDC3",0.00233333333333297
"1446",2,1,0.1,"RW-CCCD_minus_ACDC3",-0.004
"1447",2,1,0.25,"RW-CCCD_minus_ACDC3",0
"1448",2,1,0.5,"RW-CCCD_minus_ACDC3",-0.002
"1449",2,1,0.75,"RW-CCCD_minus_ACDC3",-0.000499999999999945
"1450",2,1,1,"RW-CCCD_minus_ACDC3",-0.001
"1451",3,0,0.1,"RW-CCCD_minus_ACDC3",0
"1452",3,0,0.25,"RW-CCCD_minus_ACDC3",-4.16666666670507e-05
"1453",3,0,0.5,"RW-CCCD_minus_ACDC3",-0.000818181818182051
"1454",3,0,0.75,"RW-CCCD_minus_ACDC3",0.000363636363636011
"1455",3,0,1,"RW-CCCD_minus_ACDC3",0.00176190476190508
"1456",3,0.25,0.1,"RW-CCCD_minus_ACDC3",0.13995
"1457",3,0.25,0.25,"RW-CCCD_minus_ACDC3",0.088672131147541
"1458",3,0.25,0.5,"RW-CCCD_minus_ACDC3",0.043337837837838
"1459",3,0.25,0.75,"RW-CCCD_minus_ACDC3",0.033946078431372
"1460",3,0.25,1,"RW-CCCD_minus_ACDC3",0.0206571428571429
"1461",3,0.5,0.1,"RW-CCCD_minus_ACDC3",0.0349482758620681
"1462",3,0.5,0.25,"RW-CCCD_minus_ACDC3",0.016363636363636
"1463",3,0.5,0.5,"RW-CCCD_minus_ACDC3",0.00458974358974296
"1464",3,0.5,0.75,"RW-CCCD_minus_ACDC3",0.000375000000000014
"1465",3,0.5,1,"RW-CCCD_minus_ACDC3",0.00130000000000008
"1466",3,0.75,0.1,"RW-CCCD_minus_ACDC3",-0.010980769230769
"1467",3,0.75,0.25,"RW-CCCD_minus_ACDC3",-0.00538461538461499
"1468",3,0.75,0.5,"RW-CCCD_minus_ACDC3",-0.00219999999999998
"1469",3,0.75,0.75,"RW-CCCD_minus_ACDC3",6.66666666669924e-05
"1470",3,0.75,1,"RW-CCCD_minus_ACDC3",0.000600000000000045
"1471",3,1,0.1,"RW-CCCD_minus_ACDC3",-0.005
"1472",3,1,0.25,"RW-CCCD_minus_ACDC3",0
"1473",3,1,0.5,"RW-CCCD_minus_ACDC3",-0.002
"1474",3,1,0.75,"RW-CCCD_minus_ACDC3",-0.000666666666667037
"1475",3,1,1,"RW-CCCD_minus_ACDC3",-0.000499999999999945
"1476",5,0,0.1,"RW-CCCD_minus_ACDC3",0
"1477",5,0,0.25,"RW-CCCD_minus_ACDC3",0
"1478",5,0,0.5,"RW-CCCD_minus_ACDC3",0.00176190476190408
"1479",5,0,0.75,"RW-CCCD_minus_ACDC3",-0.003470588235294
"1480",5,0,1,"RW-CCCD_minus_ACDC3",-0.00122222222222201
"1481",5,0.25,0.1,"RW-CCCD_minus_ACDC3",0.136068965517241
"1482",5,0.25,0.25,"RW-CCCD_minus_ACDC3",0.067157142857143
"1483",5,0.25,0.5,"RW-CCCD_minus_ACDC3",0.0316760563380281
"1484",5,0.25,0.75,"RW-CCCD_minus_ACDC3",0.018911564625851
"1485",5,0.25,1,"RW-CCCD_minus_ACDC3",0.019857142857143
"1486",5,0.5,0.1,"RW-CCCD_minus_ACDC3",0.0194062500000001
"1487",5,0.5,0.25,"RW-CCCD_minus_ACDC3",0.00609523809523793
"1488",5,0.5,0.5,"RW-CCCD_minus_ACDC3",-0.00119999999999998
"1489",5,0.5,0.75,"RW-CCCD_minus_ACDC3",0.00155555555555598
"1490",5,0.5,1,"RW-CCCD_minus_ACDC3",-0.00125000000000008
"1491",5,0.75,0.1,"RW-CCCD_minus_ACDC3",-0.00149999999999995
"1492",5,0.75,0.25,"RW-CCCD_minus_ACDC3",-0.00116666666666698
"1493",5,0.75,0.5,"RW-CCCD_minus_ACDC3",-0.00250000000000006
"1494",5,0.75,0.75,"RW-CCCD_minus_ACDC3",0.00111111111111195
"1495",5,0.75,1,"RW-CCCD_minus_ACDC3",-0.000249999999999972
"1496",5,1,0.1,"RW-CCCD_minus_ACDC3",-0.00375000000000003
"1497",5,1,0.25,"RW-CCCD_minus_ACDC3",-0.00160000000000005
"1498",5,1,0.5,"RW-CCCD_minus_ACDC3",-0.001
"1499",5,1,0.75,"RW-CCCD_minus_ACDC3",0
"1500",5,1,1,"RW-CCCD_minus_ACDC3",0
"1501",10,0,0.1,"RW-CCCD_minus_ACDC4",-0.000850000000000017
"1502",10,0,0.25,"RW-CCCD_minus_ACDC4",0
"1503",10,0,0.5,"RW-CCCD_minus_ACDC4",-0.00193333333333301
"1504",10,0,0.75,"RW-CCCD_minus_ACDC4",-0.00174509803921596
"1505",10,0,1,"RW-CCCD_minus_ACDC4",-0.002882352941176
"1506",10,0.25,0.1,"RW-CCCD_minus_ACDC4",0.111514705882353
"1507",10,0.25,0.25,"RW-CCCD_minus_ACDC4",0.0241139240506331
"1508",10,0.25,0.5,"RW-CCCD_minus_ACDC4",0.00858333333333294
"1509",10,0.25,0.75,"RW-CCCD_minus_ACDC4",0.00174358974359001
"1510",10,0.25,1,"RW-CCCD_minus_ACDC4",0.002
"1511",10,0.5,0.1,"RW-CCCD_minus_ACDC4",-0.02465306122449
"1512",10,0.5,0.25,"RW-CCCD_minus_ACDC4",-0.00187499999999996
"1513",10,0.5,0.5,"RW-CCCD_minus_ACDC4",-0.00320000000000009
"1514",10,0.5,0.75,"RW-CCCD_minus_ACDC4",-0.00188888888888805
"1515",10,0.5,1,"RW-CCCD_minus_ACDC4",0
"1516",10,0.75,0.1,"RW-CCCD_minus_ACDC4",0
"1517",10,0.75,0.25,"RW-CCCD_minus_ACDC4",0
"1518",10,0.75,0.5,"RW-CCCD_minus_ACDC4",0
"1519",10,0.75,0.75,"RW-CCCD_minus_ACDC4",0
"1520",10,0.75,1,"RW-CCCD_minus_ACDC4",0
"1521",10,1,0.1,"RW-CCCD_minus_ACDC4",0
"1522",10,1,0.25,"RW-CCCD_minus_ACDC4",0
"1523",10,1,0.5,"RW-CCCD_minus_ACDC4",0
"1524",10,1,0.75,"RW-CCCD_minus_ACDC4",0
"1525",10,1,1,"RW-CCCD_minus_ACDC4",0
"1526",2,0,0.1,"RW-CCCD_minus_ACDC4",0.000499999999999945
"1527",2,0,0.25,"RW-CCCD_minus_ACDC4",-0.000125000000000042
"1528",2,0,0.5,"RW-CCCD_minus_ACDC4",0
"1529",2,0,0.75,"RW-CCCD_minus_ACDC4",-0.00223333333333298
"1530",2,0,1,"RW-CCCD_minus_ACDC4",0.00129999999999997
"1531",2,0.25,0.1,"RW-CCCD_minus_ACDC4",0.090492537313432
"1532",2,0.25,0.25,"RW-CCCD_minus_ACDC4",0.096639344262296
"1533",2,0.25,0.5,"RW-CCCD_minus_ACDC4",0.040120689655173
"1534",2,0.25,0.75,"RW-CCCD_minus_ACDC4",0.0133897435897441
"1535",2,0.25,1,"RW-CCCD_minus_ACDC4",0.00737837837837796
"1536",2,0.5,0.1,"RW-CCCD_minus_ACDC4",0.040764150943396
"1537",2,0.5,0.25,"RW-CCCD_minus_ACDC4",0.0188396226415101
"1538",2,0.5,0.5,"RW-CCCD_minus_ACDC4",0.00451485148514896
"1539",2,0.5,0.75,"RW-CCCD_minus_ACDC4",-0.000911111111110974
"1540",2,0.5,1,"RW-CCCD_minus_ACDC4",-0.00164285714285695
"1541",2,0.75,0.1,"RW-CCCD_minus_ACDC4",-0.010646666666666
"1542",2,0.75,0.25,"RW-CCCD_minus_ACDC4",-0.00192424242424305
"1543",2,0.75,0.5,"RW-CCCD_minus_ACDC4",-0.0121184210526319
"1544",2,0.75,0.75,"RW-CCCD_minus_ACDC4",7.40740740750034e-05
"1545",2,0.75,1,"RW-CCCD_minus_ACDC4",-0.000166666666666981
"1546",2,1,0.1,"RW-CCCD_minus_ACDC4",-0.004
"1547",2,1,0.25,"RW-CCCD_minus_ACDC4",0
"1548",2,1,0.5,"RW-CCCD_minus_ACDC4",-0.002
"1549",2,1,0.75,"RW-CCCD_minus_ACDC4",-0.000499999999999945
"1550",2,1,1,"RW-CCCD_minus_ACDC4",-0.001
"1551",3,0,0.1,"RW-CCCD_minus_ACDC4",0
"1552",3,0,0.25,"RW-CCCD_minus_ACDC4",0
"1553",3,0,0.5,"RW-CCCD_minus_ACDC4",-0.00218181818181795
"1554",3,0,0.75,"RW-CCCD_minus_ACDC4",-0.00112121212121297
"1555",3,0,1,"RW-CCCD_minus_ACDC4",-0.004142857142857
"1556",3,0.25,0.1,"RW-CCCD_minus_ACDC4",0.093983333333334
"1557",3,0.25,0.25,"RW-CCCD_minus_ACDC4",0.0622459016393441
"1558",3,0.25,0.5,"RW-CCCD_minus_ACDC4",0.020067567567567
"1559",3,0.25,0.75,"RW-CCCD_minus_ACDC4",0.0161372549019609
"1560",3,0.25,1,"RW-CCCD_minus_ACDC4",0.015828571428572
"1561",3,0.5,0.1,"RW-CCCD_minus_ACDC4",0.011543103448275
"1562",3,0.5,0.25,"RW-CCCD_minus_ACDC4",0.00479545454545505
"1563",3,0.5,0.5,"RW-CCCD_minus_ACDC4",0.0013076923076919
"1564",3,0.5,0.75,"RW-CCCD_minus_ACDC4",0.00110416666666602
"1565",3,0.5,1,"RW-CCCD_minus_ACDC4",-0.002
"1566",3,0.75,0.1,"RW-CCCD_minus_ACDC4",-0.0136538461538459
"1567",3,0.75,0.25,"RW-CCCD_minus_ACDC4",-0.00584615384615295
"1568",3,0.75,0.5,"RW-CCCD_minus_ACDC4",-0.00240000000000007
"1569",3,0.75,0.75,"RW-CCCD_minus_ACDC4",-0.000333333333332964
"1570",3,0.75,1,"RW-CCCD_minus_ACDC4",0.00219999999999998
"1571",3,1,0.1,"RW-CCCD_minus_ACDC4",-0.005
"1572",3,1,0.25,"RW-CCCD_minus_ACDC4",0
"1573",3,1,0.5,"RW-CCCD_minus_ACDC4",-0.002
"1574",3,1,0.75,"RW-CCCD_minus_ACDC4",-0.000666666666667037
"1575",3,1,1,"RW-CCCD_minus_ACDC4",-0.000499999999999945
"1576",5,0,0.1,"RW-CCCD_minus_ACDC4",-0.000470588235294
"1577",5,0,0.25,"RW-CCCD_minus_ACDC4",0
"1578",5,0,0.5,"RW-CCCD_minus_ACDC4",0.00195238095238104
"1579",5,0,0.75,"RW-CCCD_minus_ACDC4",0
"1580",5,0,1,"RW-CCCD_minus_ACDC4",-0.00483333333333302
"1581",5,0.25,0.1,"RW-CCCD_minus_ACDC4",0.123534482758621
"1582",5,0.25,0.25,"RW-CCCD_minus_ACDC4",0.046242857142857
"1583",5,0.25,0.5,"RW-CCCD_minus_ACDC4",0.021154929577464
"1584",5,0.25,0.75,"RW-CCCD_minus_ACDC4",0.013326530612245
"1585",5,0.25,1,"RW-CCCD_minus_ACDC4",0.0119642857142861
"1586",5,0.5,0.1,"RW-CCCD_minus_ACDC4",0.00396874999999997
"1587",5,0.5,0.25,"RW-CCCD_minus_ACDC4",0.000166666666666981
"1588",5,0.5,0.5,"RW-CCCD_minus_ACDC4",-0.00309999999999999
"1589",5,0.5,0.75,"RW-CCCD_minus_ACDC4",0.00122222222222201
"1590",5,0.5,1,"RW-CCCD_minus_ACDC4",-0.000624999999999987
"1591",5,0.75,0.1,"RW-CCCD_minus_ACDC4",-0.002142857142857
"1592",5,0.75,0.25,"RW-CCCD_minus_ACDC4",-0.00183333333333291
"1593",5,0.75,0.5,"RW-CCCD_minus_ACDC4",-0.00250000000000006
"1594",5,0.75,0.75,"RW-CCCD_minus_ACDC4",0.000777777777777988
"1595",5,0.75,1,"RW-CCCD_minus_ACDC4",0
"1596",5,1,0.1,"RW-CCCD_minus_ACDC4",-0.00375000000000003
"1597",5,1,0.25,"RW-CCCD_minus_ACDC4",-0.00160000000000005
"1598",5,1,0.5,"RW-CCCD_minus_ACDC4",-0.001
"1599",5,1,0.75,"RW-CCCD_minus_ACDC4",0
"1600",5,1,1,"RW-CCCD_minus_ACDC4",0
"1601",10,0,0.1,"RW-CCCD_minus_ACDC5",0
"1602",10,0,0.25,"RW-CCCD_minus_ACDC5",-0.00105555555555603
"1603",10,0,0.5,"RW-CCCD_minus_ACDC5",0
"1604",10,0,0.75,"RW-CCCD_minus_ACDC5",0
"1605",10,0,1,"RW-CCCD_minus_ACDC5",0.000764705882353001
"1606",10,0.25,0.1,"RW-CCCD_minus_ACDC5",0.100573529411764
"1607",10,0.25,0.25,"RW-CCCD_minus_ACDC5",0.0192025316455701
"1608",10,0.25,0.5,"RW-CCCD_minus_ACDC5",0.00566666666666704
"1609",10,0.25,0.75,"RW-CCCD_minus_ACDC5",-0.00323076923076904
"1610",10,0.25,1,"RW-CCCD_minus_ACDC5",-0.000199999999999978
"1611",10,0.5,0.1,"RW-CCCD_minus_ACDC5",-0.022591836734694
"1612",10,0.5,0.25,"RW-CCCD_minus_ACDC5",-0.000750000000000028
"1613",10,0.5,0.5,"RW-CCCD_minus_ACDC5",-0.003
"1614",10,0.5,0.75,"RW-CCCD_minus_ACDC5",-0.000666666666666038
"1615",10,0.5,1,"RW-CCCD_minus_ACDC5",0.00133333333333407
"1616",10,0.75,0.1,"RW-CCCD_minus_ACDC5",0
"1617",10,0.75,0.25,"RW-CCCD_minus_ACDC5",0
"1618",10,0.75,0.5,"RW-CCCD_minus_ACDC5",0
"1619",10,0.75,0.75,"RW-CCCD_minus_ACDC5",0
"1620",10,0.75,1,"RW-CCCD_minus_ACDC5",0
"1621",10,1,0.1,"RW-CCCD_minus_ACDC5",0
"1622",10,1,0.25,"RW-CCCD_minus_ACDC5",0
"1623",10,1,0.5,"RW-CCCD_minus_ACDC5",0
"1624",10,1,0.75,"RW-CCCD_minus_ACDC5",0
"1625",10,1,1,"RW-CCCD_minus_ACDC5",0
"1626",2,0,0.1,"RW-CCCD_minus_ACDC5",0.000291666666666912
"1627",2,0,0.25,"RW-CCCD_minus_ACDC5",0
"1628",2,0,0.5,"RW-CCCD_minus_ACDC5",0
"1629",2,0,0.75,"RW-CCCD_minus_ACDC5",0
"1630",2,0,1,"RW-CCCD_minus_ACDC5",-0.00175000000000003
"1631",2,0.25,0.1,"RW-CCCD_minus_ACDC5",0.067985074626865
"1632",2,0.25,0.25,"RW-CCCD_minus_ACDC5",0.0722131147540991
"1633",2,0.25,0.5,"RW-CCCD_minus_ACDC5",0.0260862068965521
"1634",2,0.25,0.75,"RW-CCCD_minus_ACDC5",0.00864615384615408
"1635",2,0.25,1,"RW-CCCD_minus_ACDC5",0.00156756756756793
"1636",2,0.5,0.1,"RW-CCCD_minus_ACDC5",0.019830188679245
"1637",2,0.5,0.25,"RW-CCCD_minus_ACDC5",0.005
"1638",2,0.5,0.5,"RW-CCCD_minus_ACDC5",-0.000415841584157972
"1639",2,0.5,0.75,"RW-CCCD_minus_ACDC5",-0.000600000000000045
"1640",2,0.5,1,"RW-CCCD_minus_ACDC5",-0.00149999999999995
"1641",2,0.75,0.1,"RW-CCCD_minus_ACDC5",-0.015646666666666
"1642",2,0.75,0.25,"RW-CCCD_minus_ACDC5",-0.00374242424242399
"1643",2,0.75,0.5,"RW-CCCD_minus_ACDC5",-0.013105263157895
"1644",2,0.75,0.75,"RW-CCCD_minus_ACDC5",0.000814814814815046
"1645",2,0.75,1,"RW-CCCD_minus_ACDC5",-0.000500000000000056
"1646",2,1,0.1,"RW-CCCD_minus_ACDC5",-0.003
"1647",2,1,0.25,"RW-CCCD_minus_ACDC5",0
"1648",2,1,0.5,"RW-CCCD_minus_ACDC5",-0.002
"1649",2,1,0.75,"RW-CCCD_minus_ACDC5",-0.000499999999999945
"1650",2,1,1,"RW-CCCD_minus_ACDC5",-0.001
"1651",3,0,0.1,"RW-CCCD_minus_ACDC5",0
"1652",3,0,0.25,"RW-CCCD_minus_ACDC5",-0.000541666666666996
"1653",3,0,0.5,"RW-CCCD_minus_ACDC5",-0.000454545454545041
"1654",3,0,0.75,"RW-CCCD_minus_ACDC5",-0.00187878787878804
"1655",3,0,1,"RW-CCCD_minus_ACDC5",-0.00323809523809493
"1656",3,0.25,0.1,"RW-CCCD_minus_ACDC5",0.092566666666667
"1657",3,0.25,0.25,"RW-CCCD_minus_ACDC5",0.029622950819672
"1658",3,0.25,0.5,"RW-CCCD_minus_ACDC5",0.015729729729729
"1659",3,0.25,0.75,"RW-CCCD_minus_ACDC5",0.0165392156862739
"1660",3,0.25,1,"RW-CCCD_minus_ACDC5",0.018771428571429
"1661",3,0.5,0.1,"RW-CCCD_minus_ACDC5",-0.00681896551724193
"1662",3,0.5,0.25,"RW-CCCD_minus_ACDC5",0.00187500000000007
"1663",3,0.5,0.5,"RW-CCCD_minus_ACDC5",-0.000384615384615095
"1664",3,0.5,0.75,"RW-CCCD_minus_ACDC5",0.000187500000000007
"1665",3,0.5,1,"RW-CCCD_minus_ACDC5",0.00180000000000002
"1666",3,0.75,0.1,"RW-CCCD_minus_ACDC5",-0.015846153846154
"1667",3,0.75,0.25,"RW-CCCD_minus_ACDC5",-0.00723076923076904
"1668",3,0.75,0.5,"RW-CCCD_minus_ACDC5",-0.002
"1669",3,0.75,0.75,"RW-CCCD_minus_ACDC5",0.001
"1670",3,0.75,1,"RW-CCCD_minus_ACDC5",0.00160000000000005
"1671",3,1,0.1,"RW-CCCD_minus_ACDC5",-0.005
"1672",3,1,0.25,"RW-CCCD_minus_ACDC5",0
"1673",3,1,0.5,"RW-CCCD_minus_ACDC5",-0.002
"1674",3,1,0.75,"RW-CCCD_minus_ACDC5",-0.000666666666667037
"1675",3,1,1,"RW-CCCD_minus_ACDC5",-0.000499999999999945
"1676",5,0,0.1,"RW-CCCD_minus_ACDC5",0
"1677",5,0,0.25,"RW-CCCD_minus_ACDC5",0
"1678",5,0,0.5,"RW-CCCD_minus_ACDC5",0.00338095238095204
"1679",5,0,0.75,"RW-CCCD_minus_ACDC5",-0.003647058823529
"1680",5,0,1,"RW-CCCD_minus_ACDC5",-0.00155555555555598
"1681",5,0.25,0.1,"RW-CCCD_minus_ACDC5",0.103224137931035
"1682",5,0.25,0.25,"RW-CCCD_minus_ACDC5",0.043657142857143
"1683",5,0.25,0.5,"RW-CCCD_minus_ACDC5",0.015422535211267
"1684",5,0.25,0.75,"RW-CCCD_minus_ACDC5",0.01143537414966
"1685",5,0.25,1,"RW-CCCD_minus_ACDC5",0.00707142857142906
"1686",5,0.5,0.1,"RW-CCCD_minus_ACDC5",0.000390624999999978
"1687",5,0.5,0.25,"RW-CCCD_minus_ACDC5",-0.001285714285714
"1688",5,0.5,0.5,"RW-CCCD_minus_ACDC5",-0.00279999999999991
"1689",5,0.5,0.75,"RW-CCCD_minus_ACDC5",0.000592592592592922
"1690",5,0.5,1,"RW-CCCD_minus_ACDC5",-0.000750000000000028
"1691",5,0.75,0.1,"RW-CCCD_minus_ACDC5",-0.002857142857143
"1692",5,0.75,0.25,"RW-CCCD_minus_ACDC5",-0.00183333333333291
"1693",5,0.75,0.5,"RW-CCCD_minus_ACDC5",-0.003
"1694",5,0.75,0.75,"RW-CCCD_minus_ACDC5",0.000666666666666926
"1695",5,0.75,1,"RW-CCCD_minus_ACDC5",-0.001
"1696",5,1,0.1,"RW-CCCD_minus_ACDC5",-0.00375000000000003
"1697",5,1,0.25,"RW-CCCD_minus_ACDC5",-0.00160000000000005
"1698",5,1,0.5,"RW-CCCD_minus_ACDC5",-0.001
"1699",5,1,0.75,"RW-CCCD_minus_ACDC5",0
"1700",5,1,1,"RW-CCCD_minus_ACDC5",0
